date,sleep_hours,workout_minutes,social_interaction_minutes,energy_level,mood,screen_time_minutes,sleep_quality,rainfall_mm,sunshine_hours
2024-05-17 22:15:25.239581,5.09,24,110,5,stressed,326,5,92.58,1.11
2024-05-16 22:15:25.239581,5.66,38,28,3,sad,249,6,83.28,2.17
2024-05-15 22:15:25.239581,4.75,19,16,1,stressed,350,4,39.13,3.45
2024-05-14 22:15:25.239581,5.95,3,113,3,angry,256,1,44.54,0.71
2024-05-13 22:15:25.239581,6.45,99,285,9,content,226,7,38.83,3.73
2024-05-12 22:15:25.239581,6.32,78,149,7,content,136,9,73.54,8.93
2024-05-11 22:15:25.239581,6.2,38,100,6,anxious,414,4,22.63,4.61
2024-05-10 22:15:25.239581,6.33,100,241,7,content,64,7,32.53,4.9
2024-05-09 22:15:25.239581,6.89,9,88,5,angry,299,2,69.9,2.06
2024-05-08 22:15:25.239581,5.52,15,98,6,anxious,335,5,96.9,10.2
2024-05-07 22:15:25.239581,7.15,102,124,8,excited,70,1,51.16,10.41
2024-05-06 22:15:25.239581,4.64,57,45,1,depressed,376,6,48.98,8.35
2024-05-05 22:15:25.239581,5.51,57,76,6,angry,410,4,98.58,6.95
2024-05-04 22:15:25.239581,7.51,39,255,10,relaxed,133,10,44.58,6.71
2024-05-03 22:15:25.239581,8.04,53,197,8,excited,91,5,20.55,8.48
2024-05-02 22:15:25.239581,6.57,36,273,7,relaxed,215,8,26.25,3.25
2024-05-01 22:15:25.239581,6.62,7,117,1,angry,465,6,74.97,7.71
2024-04-30 22:15:25.239581,8.24,32,272,10,happy,182,4,19.95,3.62
2024-04-29 22:15:25.239581,8.63,72,133,9,content,98,7,65.41,11.51
2024-04-28 22:15:25.239581,5.24,30,113,1,bored,470,10,12.7,10.59
2024-04-27 22:15:25.239581,7.92,71,175,10,content,87,9,53.92,2.83
2024-04-26 22:15:25.239581,5.18,18,43,1,angry,323,4,23.3,0.99
2024-04-25 22:15:25.239581,8.76,118,140,10,excited,157,4,6.45,4.24
2024-04-24 22:15:25.239581,6.84,113,151,9,excited,74,6,91.91,6.66
2024-04-23 22:15:25.239581,6.96,1,86,4,depressed,409,5,25.54,7.86
2024-04-22 22:15:25.239581,5.36,1,3,1,depressed,428,2,66.86,11.93
2024-04-21 22:15:25.239581,6.39,69,134,8,excited,114,3,65.01,2.68
2024-04-20 22:15:25.239581,7.68,59,290,9,happy,131,3,50.8,5.74
2024-04-19 22:15:25.239581,4.69,37,112,1,anxious,349,5,7.33,11.98
2024-04-18 22:15:25.239581,5.9,43,44,6,bored,425,10,68.73,7.46
2024-04-17 22:15:25.239581,6.09,118,177,7,excited,112,3,50.53,10.76
2024-04-16 22:15:25.239581,7.71,44,188,10,happy,197,5,67.25,4.3
2024-04-15 22:15:25.239581,8.93,76,212,9,relaxed,120,8,23.24,3.83
2024-04-14 22:15:25.239581,7.45,42,208,10,content,224,10,10.43,10.99
2024-04-13 22:15:25.239581,5.84,18,117,4,angry,318,2,26.35,8.85
2024-04-12 22:15:25.239581,8.41,102,231,9,content,85,8,51.25,2.52
2024-04-11 22:15:25.239581,6.44,70,150,7,happy,216,5,7.91,4.4
2024-04-10 22:15:25.239581,4.56,37,53,3,sad,359,4,22.05,9.32
2024-04-09 22:15:25.239581,6.65,35,168,7,excited,211,1,91.29,0.99
2024-04-08 22:15:25.239581,6.33,69,164,7,happy,134,6,37.9,1.45
2024-04-07 22:15:25.239581,5.17,24,51,2,bored,385,10,96.98,4.28
2024-04-06 22:15:25.239581,6.14,80,147,7,excited,94,3,11.46,1.0
2024-04-05 22:15:25.239581,6.13,3,34,1,angry,430,5,75.05,10.48
2024-04-04 22:15:25.239581,4.99,39,77,1,anxious,274,4,55.33,9.07
2024-04-03 22:15:25.239581,7.39,79,166,9,content,174,7,11.55,10.53
2024-04-02 22:15:25.239581,6.85,18,40,5,angry,307,5,39.2,2.03
2024-04-01 22:15:25.239581,5.44,57,63,6,stressed,265,4,66.44,9.72
2024-03-31 22:15:25.239581,5.27,39,28,6,stressed,269,3,10.85,4.8
2024-03-30 22:15:25.239581,6.71,54,11,4,anxious,249,5,96.51,0.47
2024-03-29 22:15:25.239581,4.39,12,17,3,sad,462,3,16.18,1.91
2024-03-28 22:15:25.239581,5.33,11,9,3,bored,280,10,88.25,2.62
2024-03-27 22:15:25.239581,4.49,54,117,2,anxious,401,2,86.4,3.48
2024-03-26 22:15:25.239581,6.4,2,49,3,stressed,295,2,44.21,8.49
2024-03-25 22:15:25.239581,8.36,93,288,9,happy,207,6,5.05,9.69
2024-03-24 22:15:25.239581,6.97,54,5,4,sad,389,1,21.87,0.21
2024-03-23 22:15:25.239581,6.94,13,13,4,bored,424,7,2.71,4.0
2024-03-22 22:15:25.239581,4.48,22,90,2,depressed,346,3,30.82,9.84
2024-03-21 22:15:25.239581,4.66,59,27,4,angry,398,5,37.85,11.79
2024-03-20 22:15:25.239581,4.3,20,53,2,angry,363,3,78.73,11.35
2024-03-19 22:15:25.239581,8.74,83,109,8,happy,96,5,3.11,6.72
2024-03-18 22:15:25.239581,6.22,29,56,5,sad,437,4,93.04,9.75
2024-03-17 22:15:25.239581,4.11,43,4,2,angry,430,5,97.25,10.98
2024-03-16 22:15:25.239581,6.74,61,237,9,happy,193,4,67.25,9.6
2024-03-15 22:15:25.239581,6.62,106,139,10,content,219,9,51.15,2.59
2024-03-14 22:15:25.239581,4.45,39,90,6,bored,353,7,38.62,10.77
2024-03-13 22:15:25.239581,5.33,23,54,1,sad,437,2,83.28,2.35
2024-03-12 22:15:25.239581,7.68,60,201,9,excited,212,1,16.02,3.72
2024-03-11 22:15:25.239581,4.0,28,75,6,anxious,397,5,23.16,11.23
2024-03-10 22:15:25.239581,8.76,114,182,9,content,83,8,32.12,2.97
2024-03-09 22:15:25.239581,4.37,24,32,2,bored,385,10,36.97,4.85
2024-03-08 22:15:25.239581,4.43,24,95,5,sad,308,2,6.52,4.29
2024-03-07 22:15:25.239581,5.91,6,83,5,sad,349,2,93.34,7.07
2024-03-06 22:15:25.239581,5.09,30,100,1,sad,343,3,24.39,1.11
2024-03-05 22:15:25.239581,4.67,42,78,5,anxious,262,3,90.28,9.33
2024-03-04 22:15:25.239581,7.24,57,181,9,excited,222,1,31.88,9.21
2024-03-03 22:15:25.239581,8.75,95,224,9,content,211,9,10.23,10.06
2024-03-02 22:15:25.239581,5.28,35,47,2,stressed,465,5,93.59,5.95
2024-03-01 22:15:25.239581,5.79,59,8,5,bored,362,8,0.17,6.27
2024-02-29 22:15:25.239581,7.86,49,124,10,excited,93,1,22.5,3.72
2024-02-28 22:15:25.239581,8.44,32,171,10,content,103,8,44.39,3.91
2024-02-27 22:15:25.239581,4.41,2,48,6,angry,295,4,55.3,4.01
2024-02-26 22:15:25.239581,6.37,51,61,4,depressed,306,6,47.34,1.67
2024-02-25 22:15:25.239581,8.71,65,275,8,relaxed,113,8,83.22,8.52
2024-02-24 22:15:25.239581,6.13,88,290,8,content,193,8,56.33,4.15
2024-02-23 22:15:25.239581,6.47,1,111,2,depressed,405,6,6.82,8.75
2024-02-22 22:15:25.239581,7.06,105,276,9,relaxed,180,9,74.83,1.99
2024-02-21 22:15:25.239581,6.91,59,61,2,stressed,258,4,61.55,2.7
2024-02-20 22:15:25.239581,6.92,43,257,10,happy,205,2,75.85,9.73
2024-02-19 22:15:25.239581,5.3,6,93,5,depressed,408,1,84.81,0.13
2024-02-18 22:15:25.239581,8.42,66,113,7,excited,220,5,29.85,4.95
2024-02-17 22:15:25.239581,5.49,52,31,4,anxious,426,4,41.66,6.38
2024-02-16 22:15:25.239581,6.27,69,257,10,relaxed,172,9,82.04,1.87
2024-02-15 22:15:25.239581,6.27,49,106,1,depressed,391,3,31.6,4.59
2024-02-14 22:15:25.239581,6.02,44,107,1,anxious,307,4,3.62,0.16
2024-02-13 22:15:25.239581,6.14,17,98,4,stressed,286,5,98.18,8.13
2024-02-12 22:15:25.239581,6.78,47,113,6,bored,437,8,15.38,3.52
2024-02-11 22:15:25.239581,4.4,51,33,1,anxious,443,3,75.0,9.92
2024-02-10 22:15:25.239581,5.66,28,6,6,sad,278,6,0.9,5.59
2024-02-09 22:15:25.239581,8.26,111,142,8,relaxed,212,8,39.15,5.4
2024-02-08 22:15:25.239581,8.93,51,213,7,happy,167,5,6.59,8.68
2024-02-07 22:15:25.239581,7.86,55,295,10,happy,137,2,90.05,11.62
2024-02-06 22:15:25.239581,8.45,78,142,10,happy,177,3,87.3,1.91
2024-02-05 22:15:25.239581,6.04,56,10,5,stressed,265,2,92.72,6.17
2024-02-04 22:15:25.239581,6.38,36,288,9,happy,113,1,92.18,4.72
2024-02-03 22:15:25.239581,4.32,47,77,3,stressed,467,6,73.72,9.92
2024-02-02 22:15:25.239581,6.27,37,9,1,angry,351,6,2.85,9.95
2024-02-01 22:15:25.239581,7.98,90,87,7,relaxed,60,10,29.4,0.5
2024-01-31 22:15:25.239581,4.07,10,34,5,anxious,446,6,68.11,3.48
2024-01-30 22:15:25.239581,6.33,10,45,2,bored,360,7,20.05,3.31
2024-01-29 22:15:25.239581,7.62,108,229,8,relaxed,203,10,55.18,4.44
2024-01-28 22:15:25.239581,8.74,101,203,9,relaxed,107,7,79.92,8.95
2024-01-27 22:15:25.239581,5.4,25,70,2,depressed,401,2,99.66,10.1
2024-01-26 22:15:25.239581,4.41,4,83,5,stressed,432,6,86.09,9.22
2024-01-25 22:15:25.239581,4.18,60,44,2,bored,396,10,74.73,4.24
2024-01-24 22:15:25.239581,6.54,51,65,6,sad,295,5,75.26,7.26
2024-01-23 22:15:25.239581,7.35,90,86,7,happy,162,5,97.43,0.59
2024-01-22 22:15:25.239581,6.61,67,173,8,excited,173,6,3.87,4.23
2024-01-21 22:15:25.239581,7.76,87,218,8,relaxed,225,7,37.18,4.72
2024-01-20 22:15:25.239581,5.77,53,46,3,anxious,315,3,83.08,0.34
2024-01-19 22:15:25.239581,8.11,88,222,7,excited,113,6,52.33,6.3
2024-01-18 22:15:25.239581,4.07,11,7,3,angry,308,5,9.37,3.47
2024-01-17 22:15:25.239581,8.38,92,66,10,content,84,9,84.65,0.59
2024-01-16 22:15:25.239581,5.7,14,79,2,depressed,386,1,5.48,8.17
2024-01-15 22:15:25.239581,6.73,35,255,10,excited,126,2,90.77,11.96
2024-01-14 22:15:25.239581,5.44,31,75,2,stressed,317,6,66.5,7.71
2024-01-13 22:15:25.239581,7.47,108,176,9,relaxed,69,9,53.28,0.21
2024-01-12 22:15:25.239581,6.86,0,98,3,anxious,329,3,6.95,3.04
2024-01-11 22:15:25.239581,6.68,88,195,10,happy,195,1,18.18,11.04
2024-01-10 22:15:25.239581,8.15,74,177,9,relaxed,205,10,41.71,8.81
2024-01-09 22:15:25.239581,6.9,36,104,7,relaxed,173,7,43.58,0.66
2024-01-08 22:15:25.239581,6.94,12,81,5,depressed,304,5,14.6,10.56
2024-01-07 22:15:25.239581,5.5,43,61,5,angry,480,4,58.87,6.24
2024-01-06 22:15:25.239581,4.56,18,46,6,sad,307,6,14.9,4.27
2024-01-05 22:15:25.239581,5.66,6,18,1,stressed,266,3,16.95,4.41
2024-01-04 22:15:25.239581,4.99,58,7,6,sad,477,4,94.26,2.1
2024-01-03 22:15:25.239581,5.7,51,105,2,anxious,323,6,71.16,2.18
2024-01-02 22:15:25.239581,6.87,6,113,2,angry,395,3,54.83,2.2
2024-01-01 22:15:25.239581,6.86,84,252,10,happy,156,5,89.66,8.14
2023-12-31 22:15:25.239581,4.0,38,116,2,anxious,267,4,51.49,8.25
2023-12-30 22:15:25.239581,4.63,33,39,6,angry,469,4,58.13,11.49
2023-12-29 22:15:25.239581,6.18,31,67,4,stressed,248,2,75.19,4.4
2023-12-28 22:15:25.239581,4.38,23,68,3,bored,290,10,48.93,7.03
2023-12-27 22:15:25.239581,5.23,35,116,6,stressed,474,1,45.02,10.84
2023-12-26 22:15:25.239581,5.08,49,73,5,depressed,286,5,10.15,5.01
2023-12-25 22:15:25.239581,5.74,14,22,3,stressed,371,3,10.62,10.54
2023-12-24 22:15:25.239581,8.28,46,259,10,content,194,9,76.96,2.56
2023-12-23 22:15:25.239581,7.2,45,290,10,relaxed,92,7,3.01,6.78
2023-12-22 22:15:25.239581,8.95,39,145,10,happy,227,2,83.92,1.84
2023-12-21 22:15:25.239581,5.53,35,29,4,anxious,425,3,38.2,0.1
2023-12-20 22:15:25.239581,8.18,110,142,10,excited,151,1,56.89,10.87
2023-12-19 22:15:25.239581,6.06,36,91,6,anxious,320,2,47.37,3.26
2023-12-18 22:15:25.239581,5.76,40,35,5,angry,476,2,64.58,0.79
2023-12-17 22:15:25.239581,7.77,112,110,10,relaxed,233,7,71.2,0.02
2023-12-16 22:15:25.239581,7.79,37,110,9,happy,226,6,77.48,4.58
2023-12-15 22:15:25.239581,7.24,95,93,7,relaxed,197,7,5.55,10.59
2023-12-14 22:15:25.239581,6.96,36,8,3,anxious,301,3,66.82,2.38
2023-12-13 22:15:25.239581,6.03,15,57,2,stressed,388,6,28.33,1.68
2023-12-12 22:15:25.239581,4.67,52,15,2,depressed,439,2,37.07,8.57
2023-12-11 22:15:25.239581,5.8,45,4,2,depressed,344,6,57.3,8.57
2023-12-10 22:15:25.239581,4.83,6,70,3,anxious,324,5,71.13,6.19
2023-12-09 22:15:25.239581,8.52,85,160,10,happy,67,3,43.32,3.58
2023-12-08 22:15:25.239581,4.15,57,87,1,stressed,338,5,73.25,3.89
2023-12-07 22:15:25.239581,6.6,57,176,8,happy,240,1,51.88,2.11
2023-12-06 22:15:25.239581,6.59,10,62,2,stressed,369,3,90.48,8.46
2023-12-05 22:15:25.239581,7.15,47,159,9,excited,142,1,24.8,0.97
2023-12-04 22:15:25.239581,6.22,87,69,9,content,108,7,5.75,1.67
2023-12-03 22:15:25.239581,7.38,94,280,8,happy,64,2,16.3,10.5
2023-12-02 22:15:25.239581,8.9,35,112,10,relaxed,237,10,66.22,4.77
2023-12-01 22:15:25.239581,7.01,89,184,10,relaxed,184,8,82.82,0.69
2023-11-30 22:15:25.239581,8.25,61,195,10,excited,168,1,14.98,6.8
2023-11-29 22:15:25.239581,5.59,60,79,1,anxious,241,5,70.99,11.45
2023-11-28 22:15:25.239581,6.57,54,175,8,relaxed,232,9,0.78,3.64
2023-11-27 22:15:25.239581,7.01,85,80,10,happy,126,1,37.53,4.25
2023-11-26 22:15:25.239581,6.51,89,281,8,happy,111,5,33.7,2.5
2023-11-25 22:15:25.239581,7.19,83,144,9,excited,198,2,38.03,2.44
2023-11-24 22:15:25.239581,8.65,94,115,7,happy,230,2,82.17,9.51
2023-11-23 22:15:25.239581,5.0,49,42,3,angry,432,2,42.34,0.63
2023-11-22 22:15:25.239581,8.58,101,179,10,happy,178,1,83.7,3.03
2023-11-21 22:15:25.239581,6.23,39,73,2,stressed,366,6,72.11,2.61
2023-11-20 22:15:25.239581,7.0,38,85,3,depressed,453,5,89.43,0.52
2023-11-19 22:15:25.239581,4.53,27,91,5,angry,299,1,91.62,1.74
2023-11-18 22:15:25.239581,6.21,70,237,9,content,154,7,24.77,4.24
2023-11-17 22:15:25.239581,5.69,43,65,4,stressed,323,4,99.4,6.48
2023-11-16 22:15:25.239581,4.54,11,108,4,sad,385,2,91.12,4.02
2023-11-15 22:15:25.239581,7.0,27,42,1,bored,247,10,25.92,0.54
2023-11-14 22:15:25.239581,7.96,38,106,10,happy,235,2,87.58,4.64
2023-11-13 22:15:25.239581,8.26,71,245,9,relaxed,236,9,60.36,2.8
2023-11-12 22:15:25.239581,6.31,34,194,9,happy,137,4,0.26,11.65
2023-11-11 22:15:25.239581,8.09,98,82,9,relaxed,234,10,33.37,10.74
2023-11-10 22:15:25.239581,6.77,8,16,6,anxious,342,3,58.55,11.12
2023-11-09 22:15:25.239581,4.4,45,89,1,stressed,365,6,32.45,6.43
2023-11-08 22:15:25.239581,4.56,15,105,2,bored,373,9,84.9,6.02
2023-11-07 22:15:25.239581,5.27,33,71,6,bored,324,9,56.46,9.53
2023-11-06 22:15:25.239581,5.83,12,34,1,sad,323,6,62.89,11.41
2023-11-05 22:15:25.239581,8.32,85,69,8,content,231,9,60.92,2.55
2023-11-04 22:15:25.239581,8.33,98,233,9,excited,219,4,78.42,9.79
2023-11-03 22:15:25.239581,7.57,31,113,7,happy,209,3,67.35,5.93
2023-11-02 22:15:25.239581,4.08,42,97,1,angry,392,2,55.69,11.2
2023-11-01 22:15:25.239581,6.65,34,88,7,content,184,7,67.44,1.94
2023-10-31 22:15:25.239581,6.49,107,233,7,excited,104,6,41.03,11.32
2023-10-30 22:15:25.239581,4.5,3,37,4,depressed,310,4,61.74,1.32
2023-10-29 22:15:25.239581,5.53,53,5,1,depressed,419,5,62.05,4.76
2023-10-28 22:15:25.239581,8.62,33,136,7,relaxed,134,10,88.28,2.97
2023-10-27 22:15:25.239581,4.48,3,111,3,sad,348,2,88.84,0.33
2023-10-26 22:15:25.239581,5.55,40,68,3,anxious,415,6,88.99,9.11
2023-10-25 22:15:25.239581,5.63,17,33,2,angry,328,6,63.56,2.32
2023-10-24 22:15:25.239581,5.9,50,23,3,angry,264,2,42.88,6.41
2023-10-23 22:15:25.239581,4.45,36,93,3,stressed,411,3,19.68,11.94
2023-10-22 22:15:25.239581,6.74,11,20,5,stressed,451,5,75.6,2.52
2023-10-21 22:15:25.239581,5.83,60,107,5,sad,322,1,3.87,11.99
2023-10-20 22:15:25.239581,6.84,30,16,6,sad,381,1,41.73,6.71
2023-10-19 22:15:25.239581,8.6,40,249,9,happy,63,2,43.51,1.16
2023-10-18 22:15:25.239581,4.1,4,76,2,bored,343,7,9.83,5.49
2023-10-17 22:15:25.239581,6.4,51,126,8,relaxed,88,10,29.85,0.56
2023-10-16 22:15:25.239581,5.3,50,32,3,stressed,298,2,96.1,0.2
2023-10-15 22:15:25.239581,8.73,48,62,9,happy,145,3,92.53,2.91
2023-10-14 22:15:25.239581,6.98,41,23,3,stressed,397,2,8.95,0.79
2023-10-13 22:15:25.239581,5.49,46,58,6,sad,265,2,51.63,10.55
2023-10-12 22:15:25.239581,6.02,12,31,5,anxious,433,1,9.11,5.87
2023-10-11 22:15:25.239581,8.86,77,115,7,content,159,7,5.19,6.6
2023-10-10 22:15:25.239581,6.56,15,17,5,bored,454,7,29.6,9.29
2023-10-09 22:15:25.239581,8.94,107,183,9,happy,82,1,53.55,4.81
2023-10-08 22:15:25.239581,4.92,41,60,4,sad,340,5,21.03,11.37
2023-10-07 22:15:25.239581,7.31,84,78,10,content,86,8,90.78,4.38
2023-10-06 22:15:25.239581,4.65,22,29,2,angry,403,4,59.65,8.29
2023-10-05 22:15:25.239581,8.96,79,81,10,excited,189,3,2.17,0.4
2023-10-04 22:15:25.239581,4.82,44,11,6,anxious,386,4,0.94,11.14
2023-10-03 22:15:25.239581,6.91,50,193,7,happy,130,3,79.2,0.98
2023-10-02 22:15:25.239581,6.14,96,152,10,happy,80,1,60.88,0.93
2023-10-01 22:15:25.239581,7.33,119,163,7,happy,216,6,3.25,5.8
2023-09-30 22:15:25.239581,6.77,72,176,8,relaxed,208,7,44.09,9.33
2023-09-29 22:15:25.239581,5.9,30,100,4,angry,327,2,34.81,2.79
2023-09-28 22:15:25.239581,5.27,44,35,3,sad,430,4,98.45,4.58
2023-09-27 22:15:25.239581,5.83,22,101,6,sad,468,1,33.25,1.08
2023-09-26 22:15:25.239581,7.5,85,173,8,excited,225,1,79.62,8.33
2023-09-25 22:15:25.239581,6.87,56,49,3,sad,390,6,5.81,1.78
2023-09-24 22:15:25.239581,7.8,98,299,7,content,192,7,34.57,11.81
2023-09-23 22:15:25.239581,8.92,83,132,9,relaxed,205,7,92.93,6.38
2023-09-22 22:15:25.239581,5.32,4,42,2,angry,432,6,15.77,1.06
2023-09-21 22:15:25.239581,5.05,35,54,1,sad,411,3,54.38,9.26
2023-09-20 22:15:25.239581,8.82,68,216,9,content,117,10,54.07,0.8
2023-09-19 22:15:25.239581,7.86,98,262,7,excited,217,6,92.52,1.26
2023-09-18 22:15:25.239581,6.1,20,10,2,anxious,479,4,66.41,2.79
2023-09-17 22:15:25.239581,8.95,101,222,7,relaxed,152,7,12.84,7.52
2023-09-16 22:15:25.239581,6.66,23,67,4,sad,321,4,53.92,9.81
2023-09-15 22:15:25.239581,4.58,26,25,5,bored,379,7,38.4,7.16
2023-09-14 22:15:25.239581,5.51,45,17,5,sad,274,1,60.34,1.36
2023-09-13 22:15:25.239581,7.77,34,227,10,relaxed,229,7,42.05,8.72
2023-09-12 22:15:25.239581,5.76,37,107,2,anxious,338,3,3.9,2.82
2023-09-11 22:15:25.239581,6.49,55,114,2,angry,252,1,30.33,3.62
2023-09-10 22:15:25.239581,4.95,32,38,4,sad,312,4,32.08,3.1
2023-09-09 22:15:25.239581,5.47,10,93,2,bored,393,8,82.22,4.07
2023-09-08 22:15:25.239581,6.17,34,53,3,depressed,382,4,42.17,5.8
2023-09-07 22:15:25.239581,5.99,47,41,2,bored,416,8,78.94,6.46
2023-09-06 22:15:25.239581,4.51,47,17,2,angry,408,1,95.54,6.51
2023-09-05 22:15:25.239581,8.71,82,147,10,relaxed,161,7,92.82,9.1
2023-09-04 22:15:25.239581,6.21,112,84,7,excited,223,1,52.15,10.06
2023-09-03 22:15:25.239581,5.33,29,35,5,anxious,468,4,97.35,4.57
2023-09-02 22:15:25.239581,4.63,31,65,6,bored,465,10,31.72,5.69
2023-09-01 22:15:25.239581,6.68,118,91,7,excited,76,2,69.23,9.02
2023-08-31 22:15:25.239581,7.77,84,132,8,happy,141,4,14.3,5.3
2023-08-30 22:15:25.239581,5.7,42,19,5,angry,309,2,99.66,9.53
2023-08-29 22:15:25.239581,6.7,51,101,3,sad,398,5,34.76,1.67
2023-08-28 22:15:25.239581,8.08,95,147,10,content,88,7,85.21,11.17
2023-08-27 22:15:25.239581,5.79,54,18,2,sad,266,5,17.74,9.72
2023-08-26 22:15:25.239581,8.03,50,192,8,happy,143,6,62.38,7.12
2023-08-25 22:15:25.239581,6.61,56,36,1,sad,249,1,95.2,5.18
2023-08-24 22:15:25.239581,5.88,32,55,5,anxious,331,1,44.14,1.77
2023-08-23 22:15:25.239581,8.35,108,198,7,happy,238,3,90.53,8.09
2023-08-22 22:15:25.239581,7.36,36,260,10,happy,168,3,32.54,0.88
2023-08-21 22:15:25.239581,6.01,20,52,2,anxious,456,6,15.55,7.11
2023-08-20 22:15:25.239581,4.02,34,68,4,sad,366,6,40.44,9.4
2023-08-19 22:15:25.239581,6.83,48,241,8,relaxed,123,8,42.45,1.44
2023-08-18 22:15:25.239581,4.12,6,39,4,sad,386,3,83.46,8.55
2023-08-17 22:15:25.239581,5.0,52,83,3,bored,285,8,79.19,9.52
2023-08-16 22:15:25.239581,6.71,55,71,6,angry,426,6,83.83,11.26
2023-08-15 22:15:25.239581,6.11,14,106,6,depressed,380,5,37.55,3.63
2023-08-14 22:15:25.239581,4.74,37,46,6,bored,270,7,23.62,6.64
2023-08-13 22:15:25.239581,6.89,19,90,5,bored,477,7,77.83,9.35
2023-08-12 22:15:25.239581,4.04,25,27,5,sad,273,3,58.99,10.65
2023-08-11 22:15:25.239581,4.83,57,3,2,sad,272,6,23.19,6.99
2023-08-10 22:15:25.239581,4.98,40,79,3,bored,396,9,61.87,2.75
2023-08-09 22:15:25.239581,6.74,12,107,6,anxious,453,5,89.79,11.13
2023-08-08 22:15:25.239581,6.25,5,43,4,bored,292,7,75.38,0.65
2023-08-07 22:15:25.239581,5.81,25,42,1,stressed,456,3,5.38,6.09
2023-08-06 22:15:25.239581,5.36,49,81,5,sad,431,6,78.75,4.23
2023-08-05 22:15:25.239581,5.68,37,54,4,stressed,316,3,70.8,7.8
2023-08-04 22:15:25.239581,5.03,24,85,6,stressed,249,6,51.62,5.61
2023-08-03 22:15:25.239581,5.54,14,43,1,anxious,423,5,7.96,6.1
2023-08-02 22:15:25.239581,6.95,31,67,10,happy,179,5,26.52,8.08
2023-08-01 22:15:25.239581,6.53,47,87,8,happy,217,3,14.12,6.67
2023-07-31 22:15:25.239581,6.67,47,284,8,content,188,9,82.73,5.69
2023-07-30 22:15:25.239581,7.51,47,66,9,happy,191,2,96.0,0.89
2023-07-29 22:15:25.239581,5.64,35,37,5,sad,341,3,88.62,1.89
2023-07-28 22:15:25.239581,4.26,39,74,3,stressed,353,5,76.43,2.73
2023-07-27 22:15:25.239581,5.85,35,109,2,angry,289,2,77.42,5.02
2023-07-26 22:15:25.239581,4.9,8,7,6,bored,300,8,52.97,2.02
2023-07-25 22:15:25.239581,5.97,4,106,1,angry,436,2,38.94,4.94
2023-07-24 22:15:25.239581,4.75,17,30,1,depressed,326,1,31.73,11.57
2023-07-23 22:15:25.239581,8.28,36,178,10,relaxed,223,8,84.1,8.29
2023-07-22 22:15:25.239581,6.12,84,296,10,content,83,7,70.93,4.99
2023-07-21 22:15:25.239581,8.27,52,284,8,content,182,9,36.5,1.81
2023-07-20 22:15:25.239581,7.49,98,278,10,happy,212,2,99.34,10.46
2023-07-19 22:15:25.239581,4.32,45,83,3,depressed,428,5,37.02,9.65
2023-07-18 22:15:25.239581,5.45,44,60,6,sad,343,1,39.02,3.96
2023-07-17 22:15:25.239581,7.19,70,288,7,content,139,8,80.57,3.73
2023-07-16 22:15:25.239581,6.88,99,87,8,excited,183,2,45.62,4.87
2023-07-15 22:15:25.239581,6.14,68,147,10,excited,99,3,43.76,11.12
2023-07-14 22:15:25.239581,8.94,93,298,7,happy,164,3,11.07,10.57
2023-07-13 22:15:25.239581,6.12,58,63,3,bored,415,9,75.25,6.55
2023-07-12 22:15:25.239581,8.69,96,83,8,happy,156,5,84.29,4.4
2023-07-11 22:15:25.239581,4.76,28,46,2,bored,266,9,30.89,10.46
2023-07-10 22:15:25.239581,4.6,26,4,2,sad,315,1,45.86,7.26
2023-07-09 22:15:25.239581,4.22,28,9,1,sad,317,1,13.56,10.25
2023-07-08 22:15:25.239581,4.91,45,30,4,stressed,268,5,13.14,2.91
2023-07-07 22:15:25.239581,7.29,68,156,8,content,215,8,31.49,3.58
2023-07-06 22:15:25.239581,4.18,13,104,4,angry,405,6,11.29,2.89
2023-07-05 22:15:25.239581,4.54,20,89,2,sad,362,6,34.96,6.78
2023-07-04 22:15:25.239581,6.22,58,112,3,stressed,355,1,36.42,0.3
2023-07-03 22:15:25.239581,8.08,104,66,9,happy,231,3,6.59,10.23
2023-07-02 22:15:25.239581,6.1,22,10,5,anxious,417,2,10.52,6.53
2023-07-01 22:15:25.239581,6.75,86,193,7,excited,119,2,33.36,8.89
2023-06-30 22:15:25.239581,6.86,5,88,5,depressed,290,6,27.63,4.41
2023-06-29 22:15:25.239581,7.44,79,262,8,content,103,10,50.72,6.13
2023-06-28 22:15:25.239581,6.37,45,23,5,angry,343,4,47.53,0.37
2023-06-27 22:15:25.239581,5.03,40,85,1,bored,449,7,4.29,0.29
2023-06-26 22:15:25.239581,4.45,39,89,3,angry,427,1,37.04,5.67
2023-06-25 22:15:25.239581,4.3,31,88,2,depressed,332,3,19.85,11.26
2023-06-24 22:15:25.239581,4.59,0,63,3,stressed,423,2,20.14,6.76
2023-06-23 22:15:25.239581,6.66,18,56,3,bored,462,7,88.02,2.35
2023-06-22 22:15:25.239581,4.63,44,116,5,depressed,385,4,51.74,0.21
2023-06-21 22:15:25.239581,4.03,19,108,1,angry,268,5,80.95,11.01
2023-06-20 22:15:25.239581,5.16,22,63,1,bored,379,9,21.74,1.65
2023-06-19 22:15:25.239581,7.49,49,176,8,content,160,7,6.21,9.38
2023-06-18 22:15:25.239581,4.12,22,19,4,depressed,285,4,64.44,11.55
2023-06-17 22:15:25.239581,5.88,18,3,1,sad,418,3,61.35,3.03
2023-06-16 22:15:25.239581,4.26,39,8,3,depressed,466,3,38.21,11.09
2023-06-15 22:15:25.239581,5.97,38,112,2,bored,329,7,12.52,7.93
2023-06-14 22:15:25.239581,6.89,11,89,3,depressed,379,6,69.22,5.47
2023-06-13 22:15:25.239581,5.22,2,112,3,sad,479,5,30.98,6.9
2023-06-12 22:15:25.239581,8.72,62,171,7,content,117,9,82.45,5.09
2023-06-11 22:15:25.239581,8.43,30,63,8,content,174,9,14.83,9.66
2023-06-10 22:15:25.239581,6.56,4,83,1,stressed,381,4,69.86,4.9
2023-06-09 22:15:25.239581,6.66,27,25,6,depressed,319,3,12.63,11.84
2023-06-08 22:15:25.239581,6.14,2,55,2,bored,303,8,86.53,3.69
2023-06-07 22:15:25.239581,5.19,32,26,1,anxious,347,2,65.21,5.49
2023-06-06 22:15:25.239581,6.35,21,96,5,anxious,251,3,31.56,1.54
2023-06-05 22:15:25.239581,7.2,63,61,10,excited,81,1,18.93,4.96
2023-06-04 22:15:25.239581,6.43,5,52,1,stressed,420,6,31.93,11.78
2023-06-03 22:15:25.239581,6.57,59,22,1,bored,368,7,69.46,7.34
2023-06-02 22:15:25.239581,6.4,5,79,1,stressed,365,6,84.29,7.47
2023-06-01 22:15:25.239581,6.82,107,200,10,happy,126,2,91.22,11.71
2023-05-31 22:15:25.239581,7.87,36,73,9,happy,216,4,87.88,5.35
2023-05-30 22:15:25.239581,6.42,50,117,8,happy,111,2,56.6,9.33
2023-05-29 22:15:25.239581,4.33,23,106,4,anxious,283,6,68.2,9.85
2023-05-28 22:15:25.239581,7.21,60,188,8,happy,213,4,10.14,7.15
2023-05-27 22:15:25.239581,4.64,1,118,3,sad,320,3,66.87,6.56
2023-05-26 22:15:25.239581,5.79,15,95,5,anxious,465,3,81.59,10.31
2023-05-25 22:15:25.239581,8.93,40,214,8,happy,117,1,20.34,8.04
2023-05-24 22:15:25.239581,6.38,42,69,1,anxious,333,1,29.98,6.58
2023-05-23 22:15:25.239581,4.99,8,68,3,bored,449,7,62.68,2.49
2023-05-22 22:15:25.239581,6.13,101,63,10,excited,70,4,15.23,4.84
2023-05-21 22:15:25.239581,6.44,33,145,8,relaxed,100,7,38.14,5.71
2023-05-20 22:15:25.239581,6.45,23,30,6,anxious,383,6,8.87,3.69
2023-05-19 22:15:25.239581,6.92,54,300,9,relaxed,220,9,31.71,8.51
2023-05-18 22:15:25.239581,8.31,106,186,8,happy,186,6,72.02,0.24
2023-05-17 22:15:25.239581,5.23,58,90,4,sad,443,1,18.29,8.85
2023-05-16 22:15:25.239581,4.7,45,54,1,bored,421,8,38.88,0.85
2023-05-15 22:15:25.239581,6.77,47,107,8,excited,68,6,93.15,9.73
2023-05-14 22:15:25.239581,5.29,42,116,3,sad,480,6,81.65,11.49
2023-05-13 22:15:25.239581,4.83,10,50,4,sad,375,2,36.89,10.53
2023-05-12 22:15:25.239581,4.07,49,68,3,depressed,473,4,67.17,3.9
2023-05-11 22:15:25.239581,5.08,16,47,1,anxious,439,2,88.4,7.22
2023-05-10 22:15:25.239581,4.39,18,111,6,bored,324,10,27.35,4.44
2023-05-09 22:15:25.239581,8.58,113,89,8,relaxed,172,7,61.25,9.7
2023-05-08 22:15:25.239581,6.81,55,59,6,stressed,336,2,53.07,1.64
2023-05-07 22:15:25.239581,6.29,49,101,5,anxious,295,2,34.86,8.27
2023-05-06 22:15:25.239581,6.51,51,27,5,anxious,278,2,66.03,7.58
2023-05-05 22:15:25.239581,8.77,44,103,9,excited,74,6,61.55,4.34
2023-05-04 22:15:25.239581,7.26,52,139,7,excited,142,5,95.72,3.95
2023-05-03 22:15:25.239581,6.84,43,18,6,sad,442,3,60.11,8.41
2023-05-02 22:15:25.239581,6.57,55,39,2,sad,471,2,49.07,9.3
2023-05-01 22:15:25.239581,6.13,3,71,6,depressed,366,1,42.51,10.79
2023-04-30 22:15:25.239581,7.73,85,191,7,happy,213,6,25.52,6.49
2023-04-29 22:15:25.239581,8.53,78,129,9,happy,103,6,56.61,7.22
2023-04-28 22:15:25.239581,6.59,109,258,8,excited,106,1,41.16,10.19
2023-04-27 22:15:25.239581,6.31,98,265,10,happy,110,5,19.41,7.5
2023-04-26 22:15:25.239581,6.43,46,61,5,sad,393,6,53.87,7.02
2023-04-25 22:15:25.239581,4.34,2,48,3,anxious,314,6,44.88,1.23
2023-04-24 22:15:25.239581,7.18,108,65,9,relaxed,214,9,90.34,10.49
2023-04-23 22:15:25.239581,7.12,111,193,8,content,65,10,91.57,10.09
2023-04-22 22:15:25.239581,7.15,45,282,10,happy,202,4,7.04,8.43
2023-04-21 22:15:25.239581,4.87,50,6,5,depressed,344,3,49.77,11.6
2023-04-20 22:15:25.239581,8.53,85,169,8,excited,117,6,45.31,9.6
2023-04-19 22:15:25.239581,8.05,75,279,9,relaxed,184,7,67.38,7.3
2023-04-18 22:15:25.239581,5.15,10,74,6,sad,456,4,78.27,6.31
2023-04-17 22:15:25.239581,7.64,44,254,7,content,94,9,34.32,4.46
2023-04-16 22:15:25.239581,6.01,17,58,6,depressed,323,6,42.16,0.13
2023-04-15 22:15:25.239581,7.84,112,146,8,relaxed,92,8,41.48,5.68
2023-04-14 22:15:25.239581,4.32,51,17,2,stressed,328,6,13.95,10.49
2023-04-13 22:15:25.239581,5.17,0,40,6,stressed,272,6,42.92,0.9
2023-04-12 22:15:25.239581,6.95,57,107,5,angry,371,5,19.74,2.01
2023-04-11 22:15:25.239581,4.39,39,99,1,bored,308,10,2.09,8.61
2023-04-10 22:15:25.239581,6.05,50,288,7,excited,214,5,22.87,5.96
2023-04-09 22:15:25.239581,4.82,46,32,4,depressed,292,4,33.9,11.52
2023-04-08 22:15:25.239581,6.14,20,76,4,angry,452,6,0.93,4.09
2023-04-07 22:15:25.239581,8.49,49,152,7,happy,82,4,22.86,8.37
2023-04-06 22:15:25.239581,6.44,42,75,8,content,182,8,78.01,11.87
2023-04-05 22:15:25.239581,4.48,2,56,5,sad,423,4,34.45,3.38
2023-04-04 22:15:25.239581,6.77,60,86,1,stressed,247,5,37.79,1.73
2023-04-03 22:15:25.239581,7.49,98,209,7,relaxed,113,10,13.97,6.86
2023-04-02 22:15:25.239581,6.53,56,151,7,excited,95,4,60.75,1.31
2023-04-01 22:15:25.239581,7.34,109,63,9,relaxed,65,7,93.12,0.28
2023-03-31 22:15:25.239581,4.94,41,59,4,stressed,465,3,14.76,3.98
2023-03-30 22:15:25.239581,4.83,11,39,1,bored,439,8,32.01,4.91
2023-03-29 22:15:25.239581,8.87,116,173,9,happy,139,3,28.63,2.35
2023-03-28 22:15:25.239581,6.63,7,103,1,stressed,362,4,2.34,8.5
2023-03-27 22:15:25.239581,5.6,41,50,1,depressed,381,1,64.74,0.69
2023-03-26 22:15:25.239581,6.27,55,4,5,angry,348,6,70.42,2.05
2023-03-25 22:15:25.239581,6.46,76,243,9,relaxed,73,10,30.51,0.29
2023-03-24 22:15:25.239581,6.09,46,70,4,angry,466,5,36.92,10.4
2023-03-23 22:15:25.239581,4.56,37,120,5,bored,339,7,22.69,7.89
2023-03-22 22:15:25.239581,4.57,46,102,3,stressed,466,3,83.67,4.94
2023-03-21 22:15:25.239581,4.77,49,31,4,stressed,327,3,52.12,2.88
2023-03-20 22:15:25.239581,8.3,33,148,9,relaxed,165,10,81.32,1.32
2023-03-19 22:15:25.239581,6.31,48,22,5,stressed,363,2,40.24,5.09
2023-03-18 22:15:25.239581,6.88,120,81,10,relaxed,114,9,96.69,1.01
2023-03-17 22:15:25.239581,5.47,57,60,4,anxious,459,5,79.85,6.9
2023-03-16 22:15:25.239581,6.54,90,203,9,happy,114,2,12.87,2.26
2023-03-15 22:15:25.239581,4.92,32,85,1,bored,464,10,23.86,1.6
2023-03-14 22:15:25.239581,5.35,11,64,2,anxious,372,2,12.54,3.09
2023-03-13 22:15:25.239581,4.89,51,59,3,sad,280,4,77.93,3.31
2023-03-12 22:15:25.239581,5.31,27,86,1,bored,329,7,0.03,5.95
2023-03-11 22:15:25.239581,6.65,38,162,9,happy,116,2,0.91,6.33
2023-03-10 22:15:25.239581,6.37,69,67,10,happy,157,4,99.59,2.94
2023-03-09 22:15:25.239581,4.49,40,66,5,stressed,340,5,81.75,11.9
2023-03-08 22:15:25.239581,4.57,48,38,1,stressed,290,1,93.85,7.79
2023-03-07 22:15:25.239581,5.35,6,14,3,angry,281,3,74.31,2.92
2023-03-06 22:15:25.239581,6.62,53,227,10,relaxed,197,10,77.55,3.66
2023-03-05 22:15:25.239581,5.85,53,66,5,bored,293,8,84.35,2.88
2023-03-04 22:15:25.239581,8.42,115,195,7,content,118,9,7.54,4.71
2023-03-03 22:15:25.239581,6.1,50,1,1,bored,369,8,63.2,11.23
2023-03-02 22:15:25.239581,4.06,59,97,1,stressed,429,3,72.32,6.65
2023-03-01 22:15:25.239581,7.57,115,231,8,relaxed,116,7,0.43,5.07
2023-02-28 22:15:25.239581,5.47,17,114,1,depressed,304,1,51.53,11.57
2023-02-27 22:15:25.239581,8.02,58,120,10,happy,194,2,36.73,3.01
2023-02-26 22:15:25.239581,6.54,103,297,7,happy,210,4,8.96,5.82
2023-02-25 22:15:25.239581,6.69,59,8,3,angry,332,3,82.25,10.22
2023-02-24 22:15:25.239581,5.37,1,6,2,bored,411,7,39.65,11.69
2023-02-23 22:15:25.239581,4.95,6,9,5,stressed,458,1,35.39,5.51
2023-02-22 22:15:25.239581,8.14,63,215,8,content,137,8,66.43,10.66
2023-02-21 22:15:25.239581,4.22,19,64,6,stressed,269,4,22.35,4.78
2023-02-20 22:15:25.239581,6.18,62,75,10,happy,95,5,31.32,9.43
2023-02-19 22:15:25.239581,4.77,50,19,4,sad,294,2,30.11,7.8
2023-02-18 22:15:25.239581,6.71,18,51,5,depressed,279,1,45.14,5.6
2023-02-17 22:15:25.239581,8.42,96,169,7,happy,209,2,48.69,9.03
2023-02-16 22:15:25.239581,6.4,49,80,7,happy,173,6,86.3,2.75
2023-02-15 22:15:25.239581,7.02,88,279,8,relaxed,235,10,44.41,8.67
2023-02-14 22:15:25.239581,5.95,2,31,5,anxious,272,1,86.95,7.39
2023-02-13 22:15:25.239581,5.33,33,58,3,angry,281,4,4.1,2.46
2023-02-12 22:15:25.239581,6.06,16,97,5,depressed,249,5,65.35,9.08
2023-02-11 22:15:25.239581,4.06,2,86,4,bored,439,7,82.4,10.83
2023-02-10 22:15:25.239581,5.74,38,113,1,angry,402,1,60.68,4.13
2023-02-09 22:15:25.239581,5.03,23,59,5,sad,375,1,66.6,0.9
2023-02-08 22:15:25.239581,8.61,107,267,7,content,79,7,99.48,6.59
2023-02-07 22:15:25.239581,6.65,34,101,7,excited,174,5,11.73,6.95
2023-02-06 22:15:25.239581,8.23,102,300,9,content,76,8,80.2,7.67
2023-02-05 22:15:25.239581,6.53,59,266,8,content,196,9,59.88,7.75
2023-02-04 22:15:25.239581,7.68,116,144,8,happy,114,1,86.91,2.44
2023-02-03 22:15:25.239581,7.45,49,220,10,happy,231,4,16.77,11.16
2023-02-02 22:15:25.239581,8.71,31,101,8,happy,91,6,54.55,8.6
2023-02-01 22:15:25.239581,5.77,0,5,1,sad,413,4,71.51,2.96
2023-01-31 22:15:25.239581,7.36,56,255,9,relaxed,214,9,32.74,8.84
2023-01-30 22:15:25.239581,6.72,3,72,1,anxious,476,2,21.17,6.39
2023-01-29 22:15:25.239581,4.81,0,120,6,stressed,457,3,3.82,6.34
2023-01-28 22:15:25.239581,6.28,96,251,8,relaxed,239,7,41.12,7.65
2023-01-27 22:15:25.239581,6.23,10,93,4,anxious,371,6,77.65,5.0
2023-01-26 22:15:25.239581,5.47,12,68,6,anxious,323,4,64.9,8.53
2023-01-25 22:15:25.239581,5.54,40,101,4,sad,459,1,86.96,7.45
2023-01-24 22:15:25.239581,5.02,14,94,5,depressed,465,2,98.99,10.64
2023-01-23 22:15:25.239581,6.21,4,106,4,angry,273,5,83.94,11.59
2023-01-22 22:15:25.239581,5.66,6,66,5,angry,366,5,28.68,1.3
2023-01-21 22:15:25.239581,6.24,43,274,9,content,184,7,9.03,4.82
2023-01-20 22:15:25.239581,7.49,35,207,7,excited,160,5,68.92,10.53
2023-01-19 22:15:25.239581,6.53,15,10,5,sad,322,1,20.57,9.36
2023-01-18 22:15:25.239581,5.12,21,85,6,anxious,432,2,54.7,3.87
2023-01-17 22:15:25.239581,6.33,85,189,9,happy,78,1,78.88,5.59
2023-01-16 22:15:25.239581,5.72,2,73,5,bored,342,7,29.97,1.68
2023-01-15 22:15:25.239581,7.48,56,269,10,content,102,8,2.09,2.94
2023-01-14 22:15:25.239581,5.29,31,105,3,sad,355,2,34.05,2.01
2023-01-13 22:15:25.239581,6.83,21,110,5,bored,343,8,6.57,4.67
2023-01-12 22:15:25.239581,7.3,102,191,9,happy,193,5,95.08,1.27
2023-01-11 22:15:25.239581,6.27,55,98,1,bored,247,8,77.87,0.9
2023-01-10 22:15:25.239581,5.43,34,36,5,depressed,291,5,87.26,9.25
2023-01-09 22:15:25.239581,7.3,91,180,10,content,181,8,97.04,8.04
2023-01-08 22:15:25.239581,7.46,30,62,10,relaxed,186,7,47.24,4.49
2023-01-07 22:15:25.239581,6.17,27,73,2,bored,327,9,10.34,0.56
2023-01-06 22:15:25.239581,6.21,48,23,6,angry,408,2,38.83,11.33
2023-01-05 22:15:25.239581,5.94,60,29,6,bored,253,9,55.36,10.29
2023-01-04 22:15:25.239581,6.66,29,115,1,sad,291,5,15.41,1.94
2023-01-03 22:15:25.239581,7.48,95,296,7,excited,222,6,16.08,6.0
2023-01-02 22:15:25.239581,5.02,31,53,4,anxious,450,3,41.63,9.6
2023-01-01 22:15:25.239581,4.81,35,75,3,bored,373,7,14.54,5.61
2022-12-31 22:15:25.239581,6.9,73,272,7,content,144,10,89.36,4.97
2022-12-30 22:15:25.239581,5.49,41,19,5,bored,465,8,95.57,2.11
2022-12-29 22:15:25.239581,6.58,39,59,3,sad,259,5,37.75,0.51
2022-12-28 22:15:25.239581,7.59,96,80,7,relaxed,110,8,92.48,6.52
2022-12-27 22:15:25.239581,4.18,58,103,5,anxious,353,3,58.75,11.17
2022-12-26 22:15:25.239581,5.44,44,28,3,anxious,337,4,78.74,5.93
2022-12-25 22:15:25.239581,4.05,59,75,6,stressed,347,3,2.29,0.76
2022-12-24 22:15:25.239581,7.0,66,133,9,happy,192,4,15.91,4.57
2022-12-23 22:15:25.239581,6.35,40,35,4,depressed,468,6,47.16,1.59
2022-12-22 22:15:25.239581,6.97,42,150,7,relaxed,184,7,99.38,11.52
2022-12-21 22:15:25.239581,5.46,36,102,2,sad,312,6,48.47,5.94
2022-12-20 22:15:25.239581,8.9,97,152,7,content,174,8,45.72,8.81
2022-12-19 22:15:25.239581,8.54,95,139,9,relaxed,179,9,66.56,6.9
2022-12-18 22:15:25.239581,4.1,1,71,5,sad,475,3,92.63,4.11
2022-12-17 22:15:25.239581,8.27,88,209,7,excited,136,1,93.35,1.21
2022-12-16 22:15:25.239581,6.21,30,147,7,relaxed,240,9,11.9,6.98
2022-12-15 22:15:25.239581,4.77,46,59,5,sad,452,3,25.75,7.14
2022-12-14 22:15:25.239581,8.63,86,282,10,happy,207,6,12.48,7.28
2022-12-13 22:15:25.239581,4.64,8,98,4,bored,297,7,74.22,1.91
2022-12-12 22:15:25.239581,6.25,112,100,7,happy,154,4,25.69,4.57
2022-12-11 22:15:25.239581,4.19,23,110,2,bored,324,10,38.85,6.43
2022-12-10 22:15:25.239581,6.61,61,277,10,excited,131,2,23.01,0.51
2022-12-09 22:15:25.239581,6.36,96,143,7,content,84,10,9.71,3.12
2022-12-08 22:15:25.239581,6.5,51,116,6,depressed,357,1,42.49,2.55
2022-12-07 22:15:25.239581,7.36,80,60,9,relaxed,188,10,20.92,3.42
2022-12-06 22:15:25.239581,4.52,8,75,4,angry,343,4,83.47,7.39
2022-12-05 22:15:25.239581,5.37,42,7,4,anxious,252,1,52.51,6.58
2022-12-04 22:15:25.239581,6.11,19,54,1,anxious,336,6,98.56,7.78
2022-12-03 22:15:25.239581,5.64,25,42,1,angry,373,6,52.59,9.79
2022-12-02 22:15:25.239581,4.76,50,27,3,anxious,395,4,86.05,2.97
2022-12-01 22:15:25.239581,7.5,69,118,9,relaxed,138,9,63.79,7.76
2022-11-30 22:15:25.239581,6.21,55,101,6,depressed,425,5,38.13,7.13
2022-11-29 22:15:25.239581,7.42,43,211,9,happy,216,6,76.91,10.77
2022-11-28 22:15:25.239581,6.94,76,263,10,excited,94,1,60.87,1.96
2022-11-27 22:15:25.239581,6.33,32,51,5,stressed,256,2,57.03,10.25
2022-11-26 22:15:25.239581,8.59,44,85,8,relaxed,222,7,32.53,7.64
2022-11-25 22:15:25.239581,7.86,37,193,7,happy,179,2,14.1,2.42
2022-11-24 22:15:25.239581,5.79,0,31,3,sad,244,1,64.12,11.25
2022-11-23 22:15:25.239581,6.7,40,80,7,excited,199,1,39.67,4.76
2022-11-22 22:15:25.239581,7.93,56,202,10,excited,216,6,40.96,1.31
2022-11-21 22:15:25.239581,5.68,16,114,2,stressed,372,3,78.07,3.14
2022-11-20 22:15:25.239581,6.92,65,186,9,content,180,10,29.98,10.78
2022-11-19 22:15:25.239581,6.74,87,162,9,relaxed,109,10,73.67,2.88
2022-11-18 22:15:25.239581,6.77,18,110,2,angry,410,3,91.5,1.81
2022-11-17 22:15:25.239581,5.79,9,107,1,stressed,429,6,37.15,7.79
2022-11-16 22:15:25.239581,7.81,55,127,8,relaxed,116,7,11.52,1.48
2022-11-15 22:15:25.239581,6.97,16,33,4,sad,418,3,51.7,5.04
2022-11-14 22:15:25.239581,4.05,0,34,6,bored,243,7,86.47,2.04
2022-11-13 22:15:25.239581,8.14,82,187,9,relaxed,72,7,49.02,7.81
2022-11-12 22:15:25.239581,5.07,24,119,6,depressed,289,5,46.06,0.53
2022-11-11 22:15:25.239581,8.72,31,233,7,excited,61,1,88.24,5.65
2022-11-10 22:15:25.239581,5.51,26,7,4,depressed,462,6,60.23,4.0
2022-11-09 22:15:25.239581,6.04,32,49,6,stressed,377,6,8.96,0.95
2022-11-08 22:15:25.239581,6.48,9,19,2,stressed,323,4,61.28,7.1
2022-11-07 22:15:25.239581,4.03,42,57,3,anxious,372,6,59.79,8.05
2022-11-06 22:15:25.239581,5.16,36,86,6,stressed,250,5,76.36,1.82
2022-11-05 22:15:25.239581,7.8,107,226,9,excited,95,6,30.46,6.84
2022-11-04 22:15:25.239581,8.71,114,265,10,happy,70,4,75.34,8.34
2022-11-03 22:15:25.239581,5.1,11,29,2,anxious,366,5,69.44,9.93
2022-11-02 22:15:25.239581,8.06,66,216,8,relaxed,222,10,76.82,3.36
2022-11-01 22:15:25.239581,5.98,52,39,3,angry,299,4,4.26,11.79
2022-10-31 22:15:25.239581,6.12,27,111,6,stressed,419,2,8.41,4.59
2022-10-30 22:15:25.239581,6.97,94,221,7,excited,202,6,35.48,4.73
2022-10-29 22:15:25.239581,4.07,18,78,4,anxious,416,3,81.02,8.11
2022-10-28 22:15:25.239581,6.23,24,58,3,stressed,379,2,80.27,2.58
2022-10-27 22:15:25.239581,8.59,73,168,8,excited,147,1,13.77,5.95
2022-10-26 22:15:25.239581,7.58,91,114,7,happy,141,2,57.38,6.33
2022-10-25 22:15:25.239581,5.73,10,112,6,angry,467,2,41.83,9.26
2022-10-24 22:15:25.239581,4.77,37,43,4,sad,467,2,62.45,2.85
2022-10-23 22:15:25.239581,7.95,69,285,9,content,164,7,13.13,7.36
2022-10-22 22:15:25.239581,8.74,98,285,9,excited,112,2,89.42,9.01
2022-10-21 22:15:25.239581,4.11,25,3,2,anxious,428,4,94.81,2.87
2022-10-20 22:15:25.239581,4.42,17,65,4,stressed,273,3,20.1,11.41
2022-10-19 22:15:25.239581,8.23,75,223,10,happy,219,3,11.54,10.9
2022-10-18 22:15:25.239581,4.11,6,112,4,anxious,468,4,1.57,7.29
2022-10-17 22:15:25.239581,6.32,20,94,6,anxious,319,3,91.18,5.14
2022-10-16 22:15:25.239581,5.24,6,91,6,bored,303,7,81.26,7.64
2022-10-15 22:15:25.239581,5.16,15,14,2,anxious,260,4,86.89,8.15
2022-10-14 22:15:25.239581,4.98,5,106,6,anxious,437,6,15.1,10.32
2022-10-13 22:15:25.239581,6.4,53,134,10,happy,90,6,47.43,5.16
2022-10-12 22:15:25.239581,8.57,52,259,10,content,90,7,16.83,5.93
2022-10-11 22:15:25.239581,7.09,116,84,8,content,158,10,60.08,9.88
2022-10-10 22:15:25.239581,7.24,67,84,7,content,112,9,71.86,6.11
2022-10-09 22:15:25.239581,4.79,46,26,1,stressed,447,2,45.86,1.47
2022-10-08 22:15:25.239581,5.97,2,36,1,stressed,440,1,96.67,0.17
2022-10-07 22:15:25.239581,8.87,53,213,9,excited,183,5,11.73,1.49
2022-10-06 22:15:25.239581,6.84,15,4,4,sad,468,1,95.7,10.76
2022-10-05 22:15:25.239581,6.94,53,17,3,angry,426,6,28.46,10.77
2022-10-04 22:15:25.239581,5.62,42,116,4,depressed,457,2,39.39,1.04
2022-10-03 22:15:25.239581,7.77,38,108,7,happy,229,6,5.47,6.35
2022-10-02 22:15:25.239581,6.42,114,67,8,happy,186,3,5.11,3.51
2022-10-01 22:15:25.239581,6.06,95,283,8,happy,106,1,87.33,4.86
2022-09-30 22:15:25.239581,7.02,76,173,7,happy,100,3,15.62,11.0
2022-09-29 22:15:25.239581,8.67,89,210,10,content,141,8,2.36,3.11
2022-09-28 22:15:25.239581,4.43,31,112,4,stressed,246,4,92.39,4.73
2022-09-27 22:15:25.239581,6.88,88,286,8,happy,217,6,21.65,4.52
2022-09-26 22:15:25.239581,4.14,53,1,2,depressed,317,3,82.92,11.47
2022-09-25 22:15:25.239581,6.13,15,94,2,angry,340,6,90.28,7.06
2022-09-24 22:15:25.239581,6.94,45,101,6,depressed,388,4,45.61,1.81
2022-09-23 22:15:25.239581,4.02,60,8,2,sad,392,2,7.15,9.11
2022-09-22 22:15:25.239581,4.04,27,105,3,depressed,264,2,38.49,8.56
2022-09-21 22:15:25.239581,6.52,18,100,5,bored,297,10,19.05,5.61
2022-09-20 22:15:25.239581,4.32,42,28,6,anxious,292,4,41.63,4.01
2022-09-19 22:15:25.239581,6.36,23,102,6,anxious,314,6,64.28,0.34
2022-09-18 22:15:25.239581,7.02,112,163,9,excited,207,2,45.61,8.38
2022-09-17 22:15:25.239581,5.75,20,52,3,stressed,434,5,40.99,5.02
2022-09-16 22:15:25.239581,4.27,47,95,2,bored,246,10,81.46,1.25
2022-09-15 22:15:25.239581,8.72,53,175,8,content,92,10,16.27,7.48
2022-09-14 22:15:25.239581,4.37,58,96,3,sad,319,6,71.19,0.87
2022-09-13 22:15:25.239581,5.18,1,36,3,depressed,457,3,13.65,0.36
2022-09-12 22:15:25.239581,6.45,41,4,3,angry,439,2,75.57,7.4
2022-09-11 22:15:25.239581,7.66,81,137,9,content,181,8,12.92,4.82
2022-09-10 22:15:25.239581,8.01,96,182,7,relaxed,86,9,77.13,2.6
2022-09-09 22:15:25.239581,6.1,42,15,5,bored,252,7,88.67,1.7
2022-09-08 22:15:25.239581,5.64,31,118,1,sad,279,1,94.76,2.96
2022-09-07 22:15:25.239581,6.77,63,127,10,happy,78,3,69.43,3.37
2022-09-06 22:15:25.239581,6.53,47,24,1,depressed,411,3,49.29,8.24
2022-09-05 22:15:25.239581,6.34,0,60,2,bored,247,8,49.46,10.65
2022-09-04 22:15:25.239581,6.35,56,286,9,happy,61,6,48.6,3.9
2022-09-03 22:15:25.239581,8.24,90,128,9,excited,121,6,17.31,4.91
2022-09-02 22:15:25.239581,4.28,53,16,1,angry,324,5,44.14,11.58
2022-09-01 22:15:25.239581,5.74,32,101,2,angry,440,3,57.04,2.31
2022-08-31 22:15:25.239581,6.03,85,216,9,happy,152,3,54.64,5.36
2022-08-30 22:15:25.239581,4.89,3,22,6,sad,347,2,4.68,2.62
2022-08-29 22:15:25.239581,7.47,38,168,10,excited,77,5,79.53,5.56
2022-08-28 22:15:25.239581,4.95,0,26,1,sad,294,3,60.25,1.42
2022-08-27 22:15:25.239581,4.27,55,54,3,stressed,336,5,80.74,2.84
2022-08-26 22:15:25.239581,4.82,22,22,4,depressed,385,6,87.81,9.37
2022-08-25 22:15:25.239581,5.1,28,45,6,anxious,428,5,30.22,11.71
2022-08-24 22:15:25.239581,5.33,32,3,5,stressed,307,6,46.79,8.34
2022-08-23 22:15:25.239581,7.18,48,155,10,happy,222,5,48.58,7.61
2022-08-22 22:15:25.239581,6.47,20,76,4,depressed,268,6,59.3,7.8
2022-08-21 22:15:25.239581,4.61,30,20,6,sad,253,1,70.43,11.89
2022-08-20 22:15:25.239581,4.12,50,54,2,anxious,353,5,34.07,6.44
2022-08-19 22:15:25.239581,6.67,119,196,7,excited,166,1,96.26,10.8
2022-08-18 22:15:25.239581,4.49,12,33,4,depressed,394,5,7.99,3.31
2022-08-17 22:15:25.239581,6.7,50,54,2,anxious,430,6,4.72,9.63
2022-08-16 22:15:25.239581,8.93,114,136,9,happy,140,1,53.02,5.05
2022-08-15 22:15:25.239581,6.23,119,290,8,excited,170,6,71.86,7.37
2022-08-14 22:15:25.239581,4.27,11,89,5,angry,311,3,86.68,5.75
2022-08-13 22:15:25.239581,5.73,8,93,4,stressed,334,6,69.39,5.12
2022-08-12 22:15:25.239581,5.86,43,25,1,bored,258,9,49.47,8.62
2022-08-11 22:15:25.239581,6.42,57,81,2,bored,287,8,59.26,0.95
2022-08-10 22:15:25.239581,6.91,51,51,5,bored,479,9,89.97,6.5
2022-08-09 22:15:25.239581,8.35,39,144,7,excited,133,4,19.41,7.49
2022-08-08 22:15:25.239581,6.91,54,61,2,bored,401,10,89.48,11.08
2022-08-07 22:15:25.239581,6.75,21,67,1,anxious,457,6,3.64,2.21
2022-08-06 22:15:25.239581,4.96,29,23,2,angry,437,6,62.81,9.04
2022-08-05 22:15:25.239581,5.77,37,36,3,anxious,310,6,54.03,1.87
2022-08-04 22:15:25.239581,4.42,36,19,3,stressed,270,4,16.31,8.07
2022-08-03 22:15:25.239581,6.23,28,17,6,sad,393,6,87.81,2.86
2022-08-02 22:15:25.239581,4.98,13,74,6,bored,245,7,4.91,8.54
2022-08-01 22:15:25.239581,6.02,86,195,10,excited,64,4,46.81,7.04
2022-07-31 22:15:25.239581,6.56,53,5,4,sad,262,2,78.24,7.8
2022-07-30 22:15:25.239581,5.62,35,61,3,bored,358,9,15.69,8.15
2022-07-29 22:15:25.239581,7.33,92,177,9,content,105,10,40.45,6.27
2022-07-28 22:15:25.239581,7.51,47,147,9,excited,208,6,72.5,9.06
2022-07-27 22:15:25.239581,6.83,41,42,2,angry,419,5,27.23,3.23
2022-07-26 22:15:25.239581,6.44,16,115,6,depressed,365,6,76.35,7.02
2022-07-25 22:15:25.239581,6.55,34,110,1,depressed,396,2,42.11,0.83
2022-07-24 22:15:25.239581,6.37,38,120,7,relaxed,75,9,2.53,1.58
2022-07-23 22:15:25.239581,8.97,111,114,8,content,197,7,83.51,2.77
2022-07-22 22:15:25.239581,6.11,76,296,7,excited,93,1,8.18,3.01
2022-07-21 22:15:25.239581,4.36,6,85,4,stressed,311,6,16.7,1.46
2022-07-20 22:15:25.239581,7.98,111,83,9,content,79,9,23.71,10.67
2022-07-19 22:15:25.239581,4.59,10,115,4,anxious,271,3,56.66,11.88
2022-07-18 22:15:25.239581,4.37,12,102,3,sad,366,2,81.81,6.76
2022-07-17 22:15:25.239581,6.77,94,130,7,content,70,9,15.92,5.23
2022-07-16 22:15:25.239581,6.08,39,85,10,happy,224,2,2.08,5.53
2022-07-15 22:15:25.239581,6.06,116,227,8,content,190,10,24.89,0.21
2022-07-14 22:15:25.239581,8.06,95,243,10,content,185,10,50.77,1.81
2022-07-13 22:15:25.239581,7.9,64,109,8,happy,119,6,69.65,1.86
2022-07-12 22:15:25.239581,8.3,95,227,9,happy,94,2,0.72,7.22
2022-07-11 22:15:25.239581,6.84,37,268,10,happy,118,5,99.13,11.57
2022-07-10 22:15:25.239581,5.86,46,110,3,sad,406,3,17.06,7.15
2022-07-09 22:15:25.239581,7.2,102,269,8,excited,162,4,60.56,3.12
2022-07-08 22:15:25.239581,5.17,59,19,1,angry,245,6,32.31,0.43
2022-07-07 22:15:25.239581,4.76,20,59,5,depressed,362,2,25.44,4.5
2022-07-06 22:15:25.239581,6.65,109,188,8,excited,159,4,52.53,11.93
2022-07-05 22:15:25.239581,7.92,32,212,10,relaxed,88,9,88.26,1.15
2022-07-04 22:15:25.239581,5.93,15,36,2,stressed,303,3,74.18,2.51
2022-07-03 22:15:25.239581,4.97,38,75,4,stressed,357,5,59.63,0.02
2022-07-02 22:15:25.239581,6.57,63,227,8,content,191,9,8.11,0.87
2022-07-01 22:15:25.239581,5.77,9,89,3,stressed,472,1,40.76,2.86
2022-06-30 22:15:25.239581,6.09,11,33,5,anxious,317,6,3.64,8.89
2022-06-29 22:15:25.239581,8.16,92,149,7,relaxed,174,7,31.86,4.29
2022-06-28 22:15:25.239581,4.07,59,108,6,sad,345,2,18.73,6.45
2022-06-27 22:15:25.239581,6.36,44,117,6,angry,306,2,88.55,8.83
2022-06-26 22:15:25.239581,5.64,6,104,3,depressed,462,2,70.3,6.55
2022-06-25 22:15:25.239581,6.88,39,54,1,bored,253,9,19.57,4.04
2022-06-24 22:15:25.239581,8.49,109,67,10,happy,199,5,88.6,3.48
2022-06-23 22:15:25.239581,8.15,37,184,10,excited,189,6,37.73,8.36
2022-06-22 22:15:25.239581,7.8,78,300,10,happy,103,3,80.54,0.9
2022-06-21 22:15:25.239581,4.18,27,65,3,anxious,461,4,16.28,10.78
2022-06-20 22:15:25.239581,5.41,44,99,2,depressed,373,3,77.52,8.19
2022-06-19 22:15:25.239581,5.02,56,32,6,stressed,244,5,62.92,4.13
2022-06-18 22:15:25.239581,5.83,6,51,3,anxious,371,2,35.36,7.32
2022-06-17 22:15:25.239581,5.65,2,82,5,anxious,420,2,19.45,1.37
2022-06-16 22:15:25.239581,6.01,65,274,7,content,115,10,43.38,1.59
2022-06-15 22:15:25.239581,6.27,33,81,2,sad,308,4,41.93,6.62
2022-06-14 22:15:25.239581,5.86,28,11,3,stressed,255,3,59.89,3.6
2022-06-13 22:15:25.239581,7.73,81,173,9,happy,201,6,11.75,4.75
2022-06-12 22:15:25.239581,5.56,5,80,5,sad,478,3,68.11,6.5
2022-06-11 22:15:25.239581,6.89,33,71,6,sad,326,2,71.93,5.77
2022-06-10 22:15:25.239581,6.27,4,110,1,angry,292,5,95.74,8.74
2022-06-09 22:15:25.239581,5.32,28,51,3,anxious,348,4,7.16,8.99
2022-06-08 22:15:25.239581,6.8,36,94,5,bored,293,7,70.4,3.91
2022-06-07 22:15:25.239581,4.94,33,67,4,stressed,420,6,94.3,3.43
2022-06-06 22:15:25.239581,7.74,86,182,10,content,237,10,1.92,0.1
2022-06-05 22:15:25.239581,5.45,57,93,1,sad,245,4,39.56,6.9
2022-06-04 22:15:25.239581,4.72,12,108,4,sad,260,6,83.14,10.85
2022-06-03 22:15:25.239581,5.73,37,30,1,angry,334,2,16.58,8.91
2022-06-02 22:15:25.239581,5.69,57,75,2,depressed,412,4,31.91,0.48
2022-06-01 22:15:25.239581,6.64,89,130,10,happy,106,1,82.66,9.63
2022-05-31 22:15:25.239581,6.28,18,111,2,depressed,303,2,30.98,8.4
2022-05-30 22:15:25.239581,8.77,113,197,10,excited,162,4,4.54,6.5
2022-05-29 22:15:25.239581,4.94,1,10,5,bored,391,8,1.81,9.12
2022-05-28 22:15:25.239581,4.6,29,8,3,depressed,442,4,88.16,1.9
2022-05-27 22:15:25.239581,5.42,48,26,2,sad,423,5,0.81,2.29
2022-05-26 22:15:25.239581,4.55,30,90,6,bored,394,8,82.53,8.42
2022-05-25 22:15:25.239581,8.07,79,252,7,excited,161,3,82.78,3.56
2022-05-24 22:15:25.239581,6.66,0,49,2,bored,320,10,90.23,0.91
2022-05-23 22:15:25.239581,6.41,57,34,5,sad,354,5,63.84,4.53
2022-05-22 22:15:25.239581,4.42,2,86,4,bored,385,7,48.12,3.91
2022-05-21 22:15:25.239581,6.58,12,46,3,bored,391,9,70.06,10.06
2022-05-20 22:15:25.239581,6.66,52,103,6,anxious,467,2,11.76,2.48
2022-05-19 22:15:25.239581,6.02,28,64,6,stressed,295,3,44.74,8.93
2022-05-18 22:15:25.239581,8.5,93,291,9,happy,237,4,15.25,8.83
2022-05-17 22:15:25.239581,7.75,109,221,7,relaxed,185,8,84.7,2.04
2022-05-16 22:15:25.239581,6.09,23,63,5,angry,469,4,11.32,9.87
2022-05-15 22:15:25.239581,7.16,33,249,8,happy,169,5,38.99,1.07
2022-05-14 22:15:25.239581,4.2,24,35,1,stressed,337,4,49.56,8.71
2022-05-13 22:15:25.239581,4.82,8,25,5,bored,416,8,42.21,1.98
2022-05-12 22:15:25.239581,6.37,67,164,7,happy,160,4,44.9,1.48
2022-05-11 22:15:25.239581,7.8,68,132,8,content,136,9,42.52,1.8
2022-05-10 22:15:25.239581,6.25,38,1,6,anxious,433,5,3.38,7.92
2022-05-09 22:15:25.239581,8.71,37,61,10,happy,178,2,18.49,4.96
2022-05-08 22:15:25.239581,7.99,97,181,8,excited,117,1,78.16,0.22
2022-05-07 22:15:25.239581,4.09,10,47,1,depressed,414,2,4.61,4.06
2022-05-06 22:15:25.239581,4.26,18,119,1,anxious,298,2,5.46,2.1
2022-05-05 22:15:25.239581,7.21,104,220,8,content,158,10,19.05,4.32
2022-05-04 22:15:25.239581,5.36,21,28,4,bored,340,10,1.73,6.72
2022-05-03 22:15:25.239581,6.35,34,21,6,bored,479,9,63.67,2.79
2022-05-02 22:15:25.239581,5.28,24,77,6,depressed,440,5,16.89,1.33
2022-05-01 22:15:25.239581,5.93,16,72,3,depressed,326,2,28.14,4.22
2022-04-30 22:15:25.239581,4.17,6,86,2,anxious,309,3,33.13,2.66
2022-04-29 22:15:25.239581,4.69,2,120,5,bored,374,9,85.35,6.63
2022-04-28 22:15:25.239581,5.86,25,77,2,angry,268,1,46.15,2.11
2022-04-27 22:15:25.239581,4.5,10,73,5,anxious,455,4,73.5,7.78
2022-04-26 22:15:25.239581,8.9,83,172,8,happy,141,5,32.69,8.52
2022-04-25 22:15:25.239581,5.5,38,62,2,anxious,367,6,63.91,4.32
2022-04-24 22:15:25.239581,6.81,36,11,6,bored,399,9,17.58,7.63
2022-04-23 22:15:25.239581,8.05,34,300,10,content,118,8,79.87,0.42
2022-04-22 22:15:25.239581,6.95,42,46,6,angry,291,1,84.93,5.62
2022-04-21 22:15:25.239581,8.38,93,75,8,content,206,8,60.2,6.39
2022-04-20 22:15:25.239581,4.07,13,77,5,depressed,472,2,19.56,7.21
2022-04-19 22:15:25.239581,7.63,49,270,7,excited,224,3,56.95,8.58
2022-04-18 22:15:25.239581,4.6,35,100,1,sad,336,1,69.03,6.02
2022-04-17 22:15:25.239581,6.62,60,38,4,anxious,296,1,69.87,11.09
2022-04-16 22:15:25.239581,8.11,87,93,7,relaxed,154,10,46.99,4.13
2022-04-15 22:15:25.239581,5.24,11,110,4,anxious,398,2,27.2,7.79
2022-04-14 22:15:25.239581,6.86,78,104,9,content,115,10,44.41,10.14
2022-04-13 22:15:25.239581,4.05,8,50,6,depressed,290,3,46.19,8.45
2022-04-12 22:15:25.239581,6.32,115,77,7,relaxed,166,7,90.17,2.85
2022-04-11 22:15:25.239581,6.59,17,69,5,stressed,273,3,13.41,1.15
2022-04-10 22:15:25.239581,5.56,1,10,2,depressed,407,4,62.13,3.0
2022-04-09 22:15:25.239581,4.68,21,32,6,anxious,301,2,5.72,6.88
2022-04-08 22:15:25.239581,5.65,43,60,4,bored,266,9,65.06,8.45
2022-04-07 22:15:25.239581,6.25,69,165,9,excited,135,1,90.1,5.22
2022-04-06 22:15:25.239581,4.11,22,93,5,bored,364,9,20.96,0.85
2022-04-05 22:15:25.239581,4.19,12,45,3,sad,374,3,25.34,8.87
2022-04-04 22:15:25.239581,6.07,56,117,6,depressed,276,1,13.71,6.74
2022-04-03 22:15:25.239581,6.73,39,85,5,bored,322,7,66.31,4.39
2022-04-02 22:15:25.239581,6.67,33,94,5,bored,254,8,19.23,3.16
2022-04-01 22:15:25.239581,8.79,31,194,10,relaxed,61,8,77.61,8.47
2022-03-31 22:15:25.239581,5.5,41,88,3,sad,272,1,16.03,0.14
2022-03-30 22:15:25.239581,5.26,37,60,2,stressed,384,2,86.64,3.78
2022-03-29 22:15:25.239581,7.41,32,297,10,happy,181,1,37.66,10.42
2022-03-28 22:15:25.239581,6.95,64,88,7,content,74,7,11.16,1.52
2022-03-27 22:15:25.239581,7.25,55,244,7,content,171,10,11.84,9.54
2022-03-26 22:15:25.239581,4.41,56,25,4,angry,244,6,94.56,3.9
2022-03-25 22:15:25.239581,7.36,74,98,7,content,120,10,17.02,11.47
2022-03-24 22:15:25.239581,7.96,108,110,10,happy,208,2,12.24,8.54
2022-03-23 22:15:25.239581,6.27,77,171,10,happy,62,4,43.16,1.78
2022-03-22 22:15:25.239581,7.45,46,86,7,content,73,8,52.92,10.78
2022-03-21 22:15:25.239581,6.63,20,32,4,bored,331,9,2.16,11.27
2022-03-20 22:15:25.239581,6.07,94,198,10,excited,187,4,94.56,4.83
2022-03-19 22:15:25.239581,6.02,46,102,5,angry,454,2,82.89,4.38
2022-03-18 22:15:25.239581,6.99,101,203,10,happy,81,4,97.72,4.71
2022-03-17 22:15:25.239581,4.28,2,61,3,anxious,309,3,41.29,0.22
2022-03-16 22:15:25.239581,7.53,69,170,7,content,128,7,79.19,4.06
2022-03-15 22:15:25.239581,6.38,7,2,4,bored,268,7,71.1,7.1
2022-03-14 22:15:25.239581,8.57,51,77,10,excited,168,5,59.97,11.12
2022-03-13 22:15:25.239581,6.18,43,116,5,bored,406,7,55.17,10.93
2022-03-12 22:15:25.239581,4.42,55,11,6,anxious,271,1,31.7,2.07
2022-03-11 22:15:25.239581,4.82,48,20,5,stressed,332,6,84.14,1.66
2022-03-10 22:15:25.239581,6.25,18,59,1,anxious,414,4,30.64,10.52
2022-03-09 22:15:25.239581,6.17,44,92,4,bored,265,7,64.43,8.8
2022-03-08 22:15:25.239581,8.52,87,123,10,relaxed,222,10,89.73,2.69
2022-03-07 22:15:25.239581,7.67,102,88,8,content,181,9,72.96,10.36
2022-03-06 22:15:25.239581,8.78,79,101,7,happy,94,2,4.96,11.73
2022-03-05 22:15:25.239581,5.18,36,37,4,bored,439,10,4.42,8.81
2022-03-04 22:15:25.239581,7.2,80,290,7,happy,183,3,9.07,4.54
2022-03-03 22:15:25.239581,6.02,49,264,8,relaxed,225,9,97.22,8.07
2022-03-02 22:15:25.239581,5.26,4,102,3,sad,318,2,99.01,6.91
2022-03-01 22:15:25.239581,7.77,37,259,7,relaxed,185,9,39.83,5.21
2022-02-28 22:15:25.239581,6.5,57,223,10,excited,229,5,20.02,9.54
2022-02-27 22:15:25.239581,6.6,57,149,8,content,82,7,10.84,0.7
2022-02-26 22:15:25.239581,4.45,26,37,5,angry,390,1,49.68,1.12
2022-02-25 22:15:25.239581,6.17,9,51,1,angry,248,5,76.49,5.05
2022-02-24 22:15:25.239581,6.62,48,229,10,happy,152,6,58.69,8.15
2022-02-23 22:15:25.239581,4.33,41,96,4,stressed,466,1,71.18,2.21
2022-02-22 22:15:25.239581,6.27,104,244,8,content,85,9,35.91,8.13
2022-02-21 22:15:25.239581,5.05,27,98,3,bored,430,7,20.53,6.32
2022-02-20 22:15:25.239581,6.88,119,133,9,content,73,8,23.12,8.35
2022-02-19 22:15:25.239581,7.48,82,175,7,happy,180,5,30.36,10.98
2022-02-18 22:15:25.239581,4.8,24,106,6,anxious,248,2,14.61,1.77
2022-02-17 22:15:25.239581,4.66,42,116,3,depressed,337,5,67.21,6.49
2022-02-16 22:15:25.239581,8.28,74,62,10,content,198,8,48.48,10.16
2022-02-15 22:15:25.239581,6.44,88,159,7,excited,130,6,61.9,9.64
2022-02-14 22:15:25.239581,6.86,11,105,4,angry,384,4,62.27,10.5
2022-02-13 22:15:25.239581,6.63,70,229,8,content,204,7,4.86,0.33
2022-02-12 22:15:25.239581,6.3,29,39,3,stressed,330,6,89.38,4.75
2022-02-11 22:15:25.239581,4.38,17,110,3,anxious,345,1,85.32,7.77
2022-02-10 22:15:25.239581,4.42,54,78,6,bored,465,8,17.08,0.55
2022-02-09 22:15:25.239581,4.32,56,93,5,sad,470,3,98.47,9.81
2022-02-08 22:15:25.239581,4.66,9,42,6,anxious,340,1,30.05,8.46
2022-02-07 22:15:25.239581,6.24,115,290,7,excited,234,6,24.33,1.35
2022-02-06 22:15:25.239581,4.14,39,60,3,sad,315,4,46.14,9.98
2022-02-05 22:15:25.239581,5.7,18,17,2,bored,404,10,92.72,8.32
2022-02-04 22:15:25.239581,6.84,37,1,2,stressed,391,2,56.97,9.09
2022-02-03 22:15:25.239581,6.69,43,41,2,bored,437,7,60.06,9.76
2022-02-02 22:15:25.239581,7.23,57,130,9,happy,141,2,16.51,7.94
2022-02-01 22:15:25.239581,5.88,58,79,2,stressed,268,2,96.55,9.97
2022-01-31 22:15:25.239581,7.21,73,139,9,relaxed,159,8,0.2,5.99
2022-01-30 22:15:25.239581,4.87,29,92,5,angry,471,1,32.72,4.13
2022-01-29 22:15:25.239581,4.14,35,36,6,bored,434,9,47.06,7.4
2022-01-28 22:15:25.239581,6.47,102,297,8,relaxed,175,7,42.57,5.61
2022-01-27 22:15:25.239581,6.3,34,23,1,stressed,454,5,63.78,10.14
2022-01-26 22:15:25.239581,7.4,55,99,7,relaxed,176,7,79.15,10.64
2022-01-25 22:15:25.239581,5.98,51,117,4,stressed,249,2,54.06,0.61
2022-01-24 22:15:25.239581,8.94,71,295,9,content,172,8,96.94,2.64
2022-01-23 22:15:25.239581,6.2,59,114,3,angry,283,1,3.8,4.45
2022-01-22 22:15:25.239581,6.59,33,298,9,relaxed,105,8,29.22,8.64
2022-01-21 22:15:25.239581,8.81,44,294,7,relaxed,95,8,39.76,8.29
2022-01-20 22:15:25.239581,5.37,27,114,4,anxious,325,6,91.83,3.53
2022-01-19 22:15:25.239581,6.37,35,164,7,content,192,8,48.88,9.58
2022-01-18 22:15:25.239581,7.0,27,41,1,angry,363,1,90.05,11.93
2022-01-17 22:15:25.239581,6.96,51,52,2,sad,294,5,8.47,5.92
2022-01-16 22:15:25.239581,6.37,59,247,10,relaxed,220,9,7.57,5.55
2022-01-15 22:15:25.239581,5.74,44,79,2,bored,322,7,11.24,3.33
2022-01-14 22:15:25.239581,5.66,29,97,3,sad,418,5,27.91,11.18
2022-01-13 22:15:25.239581,4.99,22,19,6,stressed,296,2,0.79,10.87
2022-01-12 22:15:25.239581,7.68,110,203,7,excited,125,4,79.99,5.56
2022-01-11 22:15:25.239581,6.56,2,58,2,angry,411,3,58.97,5.12
2022-01-10 22:15:25.239581,6.47,88,81,8,happy,232,1,12.18,8.36
2022-01-09 22:15:25.239581,6.15,92,299,10,content,170,7,52.51,4.34
2022-01-08 22:15:25.239581,4.29,48,4,4,depressed,251,4,53.11,8.98
2022-01-07 22:15:25.239581,6.08,39,119,5,sad,304,2,48.76,0.06
2022-01-06 22:15:25.239581,4.71,3,36,1,stressed,279,1,2.16,5.27
2022-01-05 22:15:25.239581,6.79,66,85,10,relaxed,92,7,90.28,0.52
2022-01-04 22:15:25.239581,4.69,20,17,2,stressed,353,1,36.95,7.02
2022-01-03 22:15:25.239581,6.0,37,55,6,anxious,384,3,2.23,1.25
2022-01-02 22:15:25.239581,6.28,54,98,10,happy,167,3,64.82,0.21
2022-01-01 22:15:25.239581,7.41,86,164,8,happy,231,2,97.38,0.41
2021-12-31 22:15:25.239581,6.74,2,116,6,angry,444,3,27.48,5.35
2021-12-30 22:15:25.239581,4.63,31,11,3,stressed,451,2,43.22,6.77
2021-12-29 22:15:25.239581,6.97,40,168,8,relaxed,77,7,51.18,4.74
2021-12-28 22:15:25.239581,4.61,4,67,5,angry,335,5,19.83,10.54
2021-12-27 22:15:25.239581,6.24,42,10,6,anxious,365,3,3.71,10.63
2021-12-26 22:15:25.239581,5.14,1,92,6,depressed,258,2,4.52,10.73
2021-12-25 22:15:25.239581,7.18,109,86,10,happy,153,4,85.24,4.07
2021-12-24 22:15:25.239581,7.34,113,107,9,content,239,10,82.28,4.95
2021-12-23 22:15:25.239581,4.74,0,50,6,depressed,331,4,12.53,10.84
2021-12-22 22:15:25.239581,6.35,96,135,8,happy,86,4,64.83,2.31
2021-12-21 22:15:25.239581,8.54,81,295,9,happy,162,3,76.02,6.71
2021-12-20 22:15:25.239581,7.33,58,172,10,happy,155,5,16.86,4.86
2021-12-19 22:15:25.239581,6.02,7,41,1,stressed,458,6,57.27,2.31
2021-12-18 22:15:25.239581,6.46,1,2,6,anxious,382,3,31.81,5.28
2021-12-17 22:15:25.239581,5.94,40,51,3,sad,411,1,29.45,1.16
2021-12-16 22:15:25.239581,4.75,17,76,5,anxious,399,1,68.93,7.4
2021-12-15 22:15:25.239581,8.26,71,151,9,content,181,8,62.11,2.29
2021-12-14 22:15:25.239581,6.75,31,52,6,depressed,274,2,65.95,6.52
2021-12-13 22:15:25.239581,5.29,4,79,4,anxious,269,6,70.89,6.02
2021-12-12 22:15:25.239581,6.75,83,118,9,happy,93,5,56.52,6.19
2021-12-11 22:15:25.239581,6.89,56,44,2,angry,260,3,94.19,0.15
2021-12-10 22:15:25.239581,6.13,17,58,4,bored,386,9,51.45,4.7
2021-12-09 22:15:25.239581,6.75,49,117,4,depressed,278,6,41.77,8.03
2021-12-08 22:15:25.239581,5.15,14,99,3,bored,464,8,64.71,10.47
2021-12-07 22:15:25.239581,4.69,3,112,3,stressed,427,5,26.39,2.14
2021-12-06 22:15:25.239581,6.13,11,119,1,stressed,414,6,57.79,1.42
2021-12-05 22:15:25.239581,7.95,38,182,8,excited,102,4,93.47,10.97
2021-12-04 22:15:25.239581,8.14,67,85,10,excited,72,5,82.8,10.14
2021-12-03 22:15:25.239581,4.53,18,52,4,anxious,394,3,82.71,7.73
2021-12-02 22:15:25.239581,5.94,28,97,6,bored,293,8,98.11,2.16
2021-12-01 22:15:25.239581,6.68,8,88,1,angry,252,4,72.22,10.05
2021-11-30 22:15:25.239581,5.11,38,1,3,angry,250,5,47.34,6.58
2021-11-29 22:15:25.239581,6.44,52,260,10,excited,172,6,48.57,5.41
2021-11-28 22:15:25.239581,5.4,48,21,2,sad,328,4,18.27,8.95
2021-11-27 22:15:25.239581,6.76,38,98,5,bored,269,7,91.08,2.0
2021-11-26 22:15:25.239581,6.12,21,65,4,bored,320,8,70.47,1.91
2021-11-25 22:15:25.239581,7.29,75,146,8,relaxed,162,9,26.89,2.65
2021-11-24 22:15:25.239581,6.24,63,246,7,happy,216,4,8.85,0.82
2021-11-23 22:15:25.239581,7.45,69,283,9,content,145,8,13.36,9.53
2021-11-22 22:15:25.239581,4.74,35,112,4,anxious,424,3,10.03,10.43
2021-11-21 22:15:25.239581,4.95,23,108,4,depressed,476,6,95.07,0.43
2021-11-20 22:15:25.239581,6.43,46,75,6,depressed,424,4,72.35,11.62
2021-11-19 22:15:25.239581,8.49,86,228,10,content,205,7,35.25,10.31
2021-11-18 22:15:25.239581,6.45,42,37,6,sad,311,3,58.53,1.62
2021-11-17 22:15:25.239581,4.48,19,89,5,anxious,333,3,59.34,6.49
2021-11-16 22:15:25.239581,4.45,0,104,4,bored,342,9,41.31,6.58
2021-11-15 22:15:25.239581,5.7,30,15,3,angry,264,5,5.2,8.36
2021-11-14 22:15:25.239581,6.36,15,12,6,angry,347,3,91.32,5.48
2021-11-13 22:15:25.239581,8.31,63,293,7,happy,227,5,72.21,10.19
2021-11-12 22:15:25.239581,5.56,28,22,3,depressed,398,2,79.17,2.34
2021-11-11 22:15:25.239581,8.44,51,139,7,relaxed,93,10,32.23,7.62
2021-11-10 22:15:25.239581,8.93,114,177,7,happy,147,6,27.19,0.16
2021-11-09 22:15:25.239581,7.16,117,169,8,content,119,9,31.36,0.32
2021-11-08 22:15:25.239581,6.67,88,68,10,happy,182,2,87.34,6.56
2021-11-07 22:15:25.239581,5.23,9,28,2,depressed,314,4,33.88,8.64
2021-11-06 22:15:25.239581,7.48,114,162,8,happy,211,4,99.84,3.72
2021-11-05 22:15:25.239581,6.45,88,73,10,excited,189,4,49.5,6.75
2021-11-04 22:15:25.239581,5.37,12,27,5,depressed,241,6,99.38,5.3
2021-11-03 22:15:25.239581,5.3,59,46,2,stressed,333,1,83.23,11.11
2021-11-02 22:15:25.239581,4.68,33,82,1,anxious,456,1,65.23,8.88
2021-11-01 22:15:25.239581,6.07,73,236,8,relaxed,69,9,85.29,11.17
2021-10-31 22:15:25.239581,7.8,40,231,9,content,218,10,57.22,5.27
2021-10-30 22:15:25.239581,6.57,106,285,8,happy,68,3,30.42,0.75
2021-10-29 22:15:25.239581,6.35,33,73,6,stressed,316,6,89.1,11.03
2021-10-28 22:15:25.239581,7.31,82,189,9,excited,75,6,3.3,10.15
2021-10-27 22:15:25.239581,5.47,18,101,4,bored,322,7,63.85,9.02
2021-10-26 22:15:25.239581,4.06,10,15,3,angry,370,3,37.66,2.72
2021-10-25 22:15:25.239581,5.12,19,83,2,sad,322,6,40.58,3.9
2021-10-24 22:15:25.239581,6.16,72,138,8,content,136,8,69.61,5.84
2021-10-23 22:15:25.239581,6.72,35,115,2,bored,351,8,94.43,9.67
2021-10-22 22:15:25.239581,6.85,53,90,6,anxious,284,6,9.81,10.67
2021-10-21 22:15:25.239581,6.14,98,245,10,excited,240,1,91.31,4.58
2021-10-20 22:15:25.239581,7.72,110,125,7,relaxed,155,8,45.77,3.72
2021-10-19 22:15:25.239581,7.03,65,129,9,excited,176,6,63.14,6.94
2021-10-18 22:15:25.239581,5.78,48,87,5,depressed,343,3,92.44,7.17
2021-10-17 22:15:25.239581,7.1,70,73,8,relaxed,188,8,58.99,0.18
2021-10-16 22:15:25.239581,8.4,78,211,7,happy,185,2,88.64,9.23
2021-10-15 22:15:25.239581,5.7,58,33,2,stressed,456,5,41.98,11.18
2021-10-14 22:15:25.239581,8.27,46,126,9,relaxed,163,10,1.42,0.73
2021-10-13 22:15:25.239581,4.46,15,45,5,depressed,262,3,60.28,1.51
2021-10-12 22:15:25.239581,7.47,79,124,8,relaxed,211,9,14.27,3.18
2021-10-11 22:15:25.239581,6.8,71,139,8,happy,198,1,26.4,3.27
2021-10-10 22:15:25.239581,5.77,25,56,6,depressed,472,4,47.0,5.98
2021-10-09 22:15:25.239581,8.12,59,147,10,relaxed,72,8,57.31,9.9
2021-10-08 22:15:25.239581,7.02,93,77,8,relaxed,124,9,2.36,4.24
2021-10-07 22:15:25.239581,8.21,114,158,7,happy,85,1,55.93,2.68
2021-10-06 22:15:25.239581,4.02,40,103,1,angry,320,4,25.79,11.95
2021-10-05 22:15:25.239581,4.17,1,92,3,stressed,453,5,29.11,6.0
2021-10-04 22:15:25.239581,5.77,17,65,5,stressed,311,2,9.58,9.78
2021-10-03 22:15:25.239581,5.9,18,66,5,stressed,438,6,59.04,8.18
2021-10-02 22:15:25.239581,8.79,80,80,10,content,62,7,67.37,10.56
2021-10-01 22:15:25.239581,4.06,56,6,3,anxious,385,5,14.24,1.01
2021-09-30 22:15:25.239581,5.03,44,45,6,anxious,437,5,93.17,0.33
2021-09-29 22:15:25.239581,4.02,20,68,5,sad,314,2,18.32,11.8
2021-09-28 22:15:25.239581,7.77,114,82,10,relaxed,129,8,0.78,4.98
2021-09-27 22:15:25.239581,8.42,98,214,7,content,157,7,55.97,4.95
2021-09-26 22:15:25.239581,5.71,42,22,6,stressed,432,1,25.31,1.91
2021-09-25 22:15:25.239581,4.42,22,92,4,depressed,240,6,98.31,0.63
2021-09-24 22:15:25.239581,5.03,9,14,5,angry,410,2,52.68,9.96
2021-09-23 22:15:25.239581,5.15,4,103,5,anxious,358,3,18.4,11.98
2021-09-22 22:15:25.239581,6.67,30,91,3,bored,266,8,98.28,10.18
2021-09-21 22:15:25.239581,6.69,10,7,4,bored,472,8,84.96,9.72
2021-09-20 22:15:25.239581,4.74,27,69,5,sad,403,3,81.45,1.53
2021-09-19 22:15:25.239581,6.83,49,59,4,anxious,242,2,27.0,2.97
2021-09-18 22:15:25.239581,5.74,59,42,5,bored,258,9,58.09,8.23
2021-09-17 22:15:25.239581,6.96,20,24,6,stressed,416,4,87.43,6.76
2021-09-16 22:15:25.239581,6.9,34,54,4,sad,268,4,31.83,7.18
2021-09-15 22:15:25.239581,8.09,39,226,8,content,90,8,81.06,8.98
2021-09-14 22:15:25.239581,5.23,57,21,5,sad,357,4,74.51,8.53
2021-09-13 22:15:25.239581,6.04,84,221,10,content,206,7,91.24,9.91
2021-09-12 22:15:25.239581,6.38,68,195,7,excited,66,5,59.28,5.96
2021-09-11 22:15:25.239581,4.53,53,72,5,bored,429,8,44.69,9.29
2021-09-10 22:15:25.239581,4.18,35,49,2,bored,264,10,51.75,11.42
2021-09-09 22:15:25.239581,4.92,27,59,6,sad,366,6,48.16,3.95
2021-09-08 22:15:25.239581,4.71,50,118,2,sad,271,6,68.04,4.49
2021-09-07 22:15:25.239581,5.44,39,30,4,stressed,453,6,91.31,5.49
2021-09-06 22:15:25.239581,4.72,3,84,5,angry,422,4,39.71,2.72
2021-09-05 22:15:25.239581,5.0,34,46,1,angry,453,2,1.84,2.52
2021-09-04 22:15:25.239581,8.13,87,236,8,excited,75,5,80.62,2.92
2021-09-03 22:15:25.239581,6.86,53,47,5,anxious,328,4,34.63,6.29
2021-09-02 22:15:25.239581,6.93,14,6,4,angry,278,5,35.34,1.54
2021-09-01 22:15:25.239581,8.47,33,284,9,content,205,8,46.9,6.89
2021-08-31 22:15:25.239581,8.21,117,215,9,excited,62,1,58.74,8.87
2021-08-30 22:15:25.239581,6.55,39,181,7,excited,212,2,51.24,2.99
2021-08-29 22:15:25.239581,7.73,74,199,9,happy,76,6,43.32,6.72
2021-08-28 22:15:25.239581,7.65,93,253,9,excited,70,4,9.08,5.24
2021-08-27 22:15:25.239581,7.27,116,223,7,relaxed,76,9,36.72,2.64
2021-08-26 22:15:25.239581,4.55,58,65,3,sad,436,2,3.8,8.41
2021-08-25 22:15:25.239581,4.4,0,34,1,bored,314,9,3.05,9.94
2021-08-24 22:15:25.239581,5.08,22,96,3,angry,254,3,25.05,4.88
2021-08-23 22:15:25.239581,5.73,50,81,4,depressed,440,1,96.1,1.49
2021-08-22 22:15:25.239581,6.67,21,110,3,sad,431,3,68.3,1.76
2021-08-21 22:15:25.239581,5.24,56,87,1,bored,460,7,5.94,3.09
2021-08-20 22:15:25.239581,6.27,35,72,3,depressed,327,4,85.44,10.68
2021-08-19 22:15:25.239581,7.35,39,77,8,relaxed,65,8,87.08,6.84
2021-08-18 22:15:25.239581,4.21,11,42,3,depressed,388,4,79.6,4.3
2021-08-17 22:15:25.239581,4.0,34,23,4,bored,470,10,89.47,6.21
2021-08-16 22:15:25.239581,4.15,55,91,2,depressed,362,4,6.41,6.79
2021-08-15 22:15:25.239581,4.34,13,95,6,bored,327,7,32.03,11.97
2021-08-14 22:15:25.239581,6.28,44,286,7,content,65,10,91.2,0.78
2021-08-13 22:15:25.239581,6.42,78,191,9,content,189,9,64.6,0.08
2021-08-12 22:15:25.239581,6.56,55,76,9,content,90,7,52.1,11.1
2021-08-11 22:15:25.239581,6.86,39,80,5,depressed,446,3,44.98,6.48
2021-08-10 22:15:25.239581,4.82,8,20,6,sad,394,1,80.96,10.88
2021-08-09 22:15:25.239581,6.28,2,103,3,stressed,451,6,69.9,2.9
2021-08-08 22:15:25.239581,4.18,24,33,2,stressed,452,5,8.53,3.35
2021-08-07 22:15:25.239581,6.9,34,140,9,excited,149,4,5.72,8.87
2021-08-06 22:15:25.239581,4.07,36,7,6,angry,441,1,73.84,4.92
2021-08-05 22:15:25.239581,4.26,35,90,3,sad,466,1,93.47,5.79
2021-08-04 22:15:25.239581,8.74,89,244,7,relaxed,180,9,22.77,2.96
2021-08-03 22:15:25.239581,7.38,60,156,10,happy,107,4,65.85,6.21
2021-08-02 22:15:25.239581,4.7,25,118,5,anxious,244,5,77.02,10.57
2021-08-01 22:15:25.239581,4.59,8,1,5,angry,470,2,11.63,6.7
2021-07-31 22:15:25.239581,7.66,100,172,8,relaxed,209,9,12.73,7.01
2021-07-30 22:15:25.239581,5.89,42,55,6,bored,254,10,22.94,4.85
2021-07-29 22:15:25.239581,4.09,3,9,4,anxious,384,1,34.92,7.37
2021-07-28 22:15:25.239581,5.62,28,61,5,bored,379,9,53.44,5.77
2021-07-27 22:15:25.239581,6.35,118,100,10,content,129,8,25.06,11.07
2021-07-26 22:15:25.239581,4.78,20,110,4,anxious,381,1,84.9,11.93
2021-07-25 22:15:25.239581,7.54,75,109,10,happy,90,1,25.25,4.53
2021-07-24 22:15:25.239581,8.96,48,175,9,content,218,9,41.0,0.43
2021-07-23 22:15:25.239581,6.25,52,9,5,bored,291,9,22.72,2.09
2021-07-22 22:15:25.239581,4.96,33,66,1,anxious,308,4,2.46,9.12
2021-07-21 22:15:25.239581,5.79,56,104,4,stressed,293,6,51.23,1.46
2021-07-20 22:15:25.239581,6.12,53,290,7,content,109,7,96.93,4.65
2021-07-19 22:15:25.239581,6.39,72,222,8,excited,122,2,0.96,5.38
2021-07-18 22:15:25.239581,6.65,111,96,7,happy,174,4,13.86,8.25
2021-07-17 22:15:25.239581,5.19,53,28,2,stressed,358,6,72.41,1.23
2021-07-16 22:15:25.239581,5.42,20,27,5,depressed,351,1,63.16,1.67
2021-07-15 22:15:25.239581,4.38,58,24,5,anxious,396,4,93.8,8.11
2021-07-14 22:15:25.239581,6.45,87,270,7,content,120,9,86.68,6.29
2021-07-13 22:15:25.239581,6.88,69,230,9,happy,239,6,45.74,0.83
2021-07-12 22:15:25.239581,5.87,36,113,2,bored,453,7,51.76,1.86
2021-07-11 22:15:25.239581,4.25,42,16,6,stressed,329,1,1.1,6.1
2021-07-10 22:15:25.239581,6.08,1,3,3,bored,411,7,61.23,1.09
2021-07-09 22:15:25.239581,6.78,3,94,5,sad,323,1,1.78,5.9
2021-07-08 22:15:25.239581,7.8,120,222,7,excited,151,4,16.16,6.4
2021-07-07 22:15:25.239581,6.7,109,108,9,content,147,8,57.48,4.16
2021-07-06 22:15:25.239581,8.25,34,206,7,happy,163,2,96.52,8.22
2021-07-05 22:15:25.239581,7.65,71,275,10,happy,226,6,57.0,6.53
2021-07-04 22:15:25.239581,8.62,89,291,9,excited,91,6,89.35,8.77
2021-07-03 22:15:25.239581,6.03,68,164,7,happy,201,1,5.7,11.85
2021-07-02 22:15:25.239581,4.77,13,35,1,anxious,275,6,55.8,5.14
2021-07-01 22:15:25.239581,5.55,59,75,2,depressed,471,2,69.34,11.96
2021-06-30 22:15:25.239581,7.9,98,242,9,relaxed,60,7,15.81,8.13
2021-06-29 22:15:25.239581,6.92,12,74,5,anxious,477,2,96.29,1.43
2021-06-28 22:15:25.239581,6.0,18,91,2,anxious,312,3,81.15,11.29
2021-06-27 22:15:25.239581,7.6,46,265,8,relaxed,193,7,62.32,5.68
2021-06-26 22:15:25.239581,6.24,11,108,5,anxious,410,4,45.81,10.42
2021-06-25 22:15:25.239581,7.61,111,263,10,happy,75,4,82.88,9.72
2021-06-24 22:15:25.239581,4.77,54,77,2,anxious,375,6,82.91,6.49
2021-06-23 22:15:25.239581,4.01,23,11,6,depressed,469,5,61.88,5.83
2021-06-22 22:15:25.239581,7.06,54,247,10,excited,87,1,28.53,0.95
2021-06-21 22:15:25.239581,5.32,19,108,5,sad,300,6,31.58,0.2
2021-06-20 22:15:25.239581,6.18,75,90,8,content,149,8,81.86,5.26
2021-06-19 22:15:25.239581,4.2,34,94,6,sad,451,2,95.64,7.36
2021-06-18 22:15:25.239581,8.17,113,208,10,relaxed,91,10,11.63,2.66
2021-06-17 22:15:25.239581,7.82,77,67,10,content,152,10,59.4,4.32
2021-06-16 22:15:25.239581,6.2,117,275,7,relaxed,203,7,44.86,7.46
2021-06-15 22:15:25.239581,4.83,45,2,6,sad,327,2,37.6,0.79
2021-06-14 22:15:25.239581,6.9,120,115,9,happy,141,2,56.62,8.2
2021-06-13 22:15:25.239581,6.87,10,120,5,angry,337,6,70.8,8.71
2021-06-12 22:15:25.239581,8.29,86,167,7,happy,155,6,4.87,0.14
2021-06-11 22:15:25.239581,6.11,43,280,8,excited,95,6,63.57,10.11
2021-06-10 22:15:25.239581,6.08,114,111,9,happy,61,6,24.61,9.18
2021-06-09 22:15:25.239581,7.84,42,100,8,excited,227,4,85.9,9.33
2021-06-08 22:15:25.239581,6.54,31,150,8,relaxed,107,9,92.66,4.7
2021-06-07 22:15:25.239581,4.45,21,82,3,bored,409,10,8.55,5.57
2021-06-06 22:15:25.239581,8.77,58,251,8,excited,117,4,44.64,7.13
2021-06-05 22:15:25.239581,4.21,27,60,3,stressed,241,6,13.16,1.17
2021-06-04 22:15:25.239581,7.75,86,70,7,happy,84,2,19.18,6.49
2021-06-03 22:15:25.239581,8.45,40,197,7,content,197,9,90.03,8.17
2021-06-02 22:15:25.239581,4.22,9,68,4,stressed,323,5,77.46,6.04
2021-06-01 22:15:25.239581,5.97,1,110,3,angry,439,3,50.18,1.5
2021-05-31 22:15:25.239581,5.51,40,5,6,stressed,343,4,25.25,0.6
2021-05-30 22:15:25.239581,6.56,55,139,7,content,205,8,8.3,4.3
2021-05-29 22:15:25.239581,6.37,1,49,2,sad,404,3,62.47,11.1
2021-05-28 22:15:25.239581,7.68,45,243,9,content,197,10,72.44,1.65
2021-05-27 22:15:25.239581,5.73,12,56,3,angry,469,6,63.68,3.99
2021-05-26 22:15:25.239581,6.89,7,73,1,angry,341,4,62.18,0.51
2021-05-25 22:15:25.239581,6.25,69,90,7,happy,186,1,59.4,9.33
2021-05-24 22:15:25.239581,5.1,20,116,5,bored,312,9,28.94,9.66
2021-05-23 22:15:25.239581,6.64,79,269,10,content,95,7,89.13,8.69
2021-05-22 22:15:25.239581,4.65,49,47,3,anxious,304,5,32.63,9.13
2021-05-21 22:15:25.239581,4.02,32,29,3,depressed,380,5,67.67,2.2
2021-05-20 22:15:25.239581,6.54,25,7,3,anxious,387,4,98.86,7.18
2021-05-19 22:15:25.239581,6.99,60,60,2,depressed,370,6,93.23,8.16
